n1	n2	n3	n4	n5	n6	n7	n8	n9	n10	n11	n12	n13
Notre	Notre	Notre	Notre	Notre	Notre	Notre	Notre	Notre	Notre	Notre	Notre	Notre
besoin	besoin	besoin	besoin	besoin	besoin	besoin	besoin	besoin	besoin	besoin	besoin	besoin
de	de	de	de	de	de	de	de	de	de	de	de	de
consolation	consolation	consolation	consolation	consolation	consolation	consolation	consolation	consolation	consolation	consolation	consolation	consolation
est	est	est	est	est	est	est	est	est	est	est	est	est
impossible	impossible	impossible	impossible	impossible	impossible	impossible	impossible	impossible	impossible	impossible	impossible	impossible
à	à	à	à	à	à	à	à	à	à	à	à	à
rassasier	rassasier	rassasier	rassasier	rassasier	rassasier	rassasier	rassassier	rassasier	rassasier	rassasier	rassasier	rassasier
		de	de		de		de	de	de	de	de	
Stig	Stig	Stig	Stig	Stig	Stig	Stig	Stig	Stig	Stig	Stig	Stig	Stig
Dagerman	Dagerman	Dagerman	Dagerman	Dagerman	Dagerman	Dagerman	Dagerman	Dagerman	Dagerman	Dagerman	Dagerman	Dagerman
												
Je	Je	Je	Je	Je	Je	Je	Je	Je	Je	Je	Je	Je
suis	suis	suis	suis	suis	suis	suis	suis	suis	suis	suis	suis	suis
dépourvu	dépourvu	dépourvu	dépourvu	dépourvu	dépourvu	dépourvu	dépourvu	dépourvu	dépourvu	dépourvu	dépourvu	dépourvu
de	de	de	de	de	de	de	de	de	de	de	de	de
foi	foi	foi	foi	foi	foi	foi	foi	foi	foi	foi	foi	foi
et	et	et	et	et	et	et	et	et	et	et	et	et
ne	ne	ne	ne	ne	ne	ne	ne	ne	ne	ne	ne	ne
puis	puis	puis	puis	puis	puis	puis	puis	puis	puis	puis	puis	puis
donc	donc	donc	donc	donc	donc	donc	donc	donc	donc	donc	donc	donc
être	être	être	être	être	être	être	être	être	être	être	être	être
heureux,	heureux,	heureux,	heureux,	heureux,	heureux,	heureux,	heureux,	heureux,	heureux,	heureux,	heureux,	heureux,
car	car	car	car	car	car	car	car	car	car	car	car	car
un	un	un	un	un	un	un	un	un	un	un	un	un
homme	homme	homme	homme	homme	homme	homme	homme	homme	homme	homme	homme	homme
qui	qui	qui	qui	qui	qui	qui	qui	qui	qui	qui	qui	qui
risque	risque	risque	risque	risque	risque	risque	risque	risque	risque	risque	risque	risque
de	de	de	de	de	de	de	de	de	de	de	de	de
craindre	craindre	craindre	craindre	craindre	craindre	craindre	craindre	craindre	craindre	craindre	craindre	craindre
que	que	que	que	que	que	que	que	que	que	que	que	que
sa	sa	sa	sa	sa	sa	sa	sa	sa	sa	sa	sa	sa
vie	vie	vie	vie	vie	vie	vie	vie	vie	vie	vie	vie	vie
ne	ne	ne	ne	ne	ne	ne	ne	ne	ne	ne	ne	ne
soit	soit	soit	soit	soit	soit	soit	soit	soit	soit	soit	soit	soit
									un	un		
errance	errance	errance	errance	errance	errance	errance	errance	errance	errance	errance	errance	errance
absurde	absurde	absurde	absurde	absurde	absurde	absurde	absurde	absurde	absurde	absurde	absurde	absurde
vers	vers	vers	vers	vers	vers	vers	vers	vers	vers	vers	vers	vers
une	une	une	une	une	une	une	une	une	une	une	une	une
mort	mort	mort	mort	mort	mort	mort	mort	mort	mort	mort	mort	mort
certaine	certaine	certaine	certaine	certaine	certaine	certaine	certaine	certaine	certaine	certaine	certaine	certaine
ne	ne	ne	ne	ne	ne	ne	ne	ne	ne	ne	ne	ne
peut	peut	peut	peut	peut	peut	peut	peut	peut	peut	peut	peut	peut
être	être	être	être	être	être	être	être	être	être	être	être	être
heureux.	heureux.	heureux.	heureux.	heureux.	heureux.	heureux.	heureux.	heureux.	heureux.	heureux.	heureux.	heureux.
Je	Je	J'ai	J'ai	Je	Je	Je	J'ai	Je	Je	Je	J'ai	Je
n'ai	n'ai			n'ai	n'ai	n'ai		n'ai	n'ai	n'ai		n'ai
reçu	reçu	reçu	reçu	reçu	reçu	reçu	reçu	reçu	reçu	reçu	reçu	reçu
en	en	en	en	en	en	en	en	en	en	en	en	en
héritage	héritage	héritage	héritage	héritage	héritage	héritage	héritage	héritage	héritage	héritage	héritage	héritage
ni	ni	ni	ni	ni	ni	ni	ni	ni	ni	ni	ni	ni
dieu,	dieu,	dieu,	dieu,	dieu	dieu,	dieu,	dieu,	dieu,	dieu,	dieu,	dieu,	dieu,
ni	ni	ni	ni	ni	ni	ni	ni	ni	ni	ni	ni	ni
point	point	point	point	point	point	point	point	point	point	point	point	point
fixe	fixe	fixe	fixe	fixe	fixe	fixe	fixe	fixe	fixe	fixe	fixe	fixe
sur	sur	sur	sur	sur	sur	sur	sur	sur	sur	sur	sur	sur
la	la	la	la	la	la	la	la	la	la	la	la	la
terre	terre	terre	terre	terre	terre	terre	terre	terre	terre	terre	terre	terre
d'où	d'où	d'où	d'où	d'où	d'où	d'où	d'où	d'où	d'où	d'où	d'où	d'où
je	je	je	je	je	je	je	je	je	je	je	je	je
puisse	puisse	puisse	puisse	puisse	puisse	puisse	puisse	puisse	puisse	puisse	puisse	puisse
attirer	attirer	attirer	attirer	attirer	attirer	attirer	attirer	attirer	attirer	attirer	attirer	attirer
l'attention	l'attention	l'attention	l'attention	l'attention	l'attention	l'attention	l'attention	l'attention	l'attention	l'attention	l'attention	l'attention
d'un	d'un	d'un	d'un	d'un	d'un	d'un	d'un	d'un	d'un	d'un	d'un	d'un
dieu?	dieu?	dieu...	dieu?	dieu?	dieu?	dieu.	dieu?	dieu...	dieu..	dieu..	dieu...	dieu...
On	On	On	On	On	On	On	On	On	On	On	On	On
ne	ne	ne	ne	ne	ne	ne	ne	ne	ne	ne	ne	ne
m'a	m'a	m'a	m'a	m'a	m'a	m'a	m'a	m'a	m'a	m'a	m'a	m'a
pas	pas	pas	pas	pas	pas	pas	pas	pas	pas	pas	pas	pas
non	non	non	non	non		non	non	non	non	non	non	non
plus	plus	plus	plus	plus		plus	plus	plus	plus	plus	plus	plus
légué	légué	légué	légué	légué	légué	légué	légué	légué	légué	légué	légué	légué
la	la	la	la	la	la	la	la	la	la	la	la	la
fureur	fureur	fureur	fureur	fureur	fureur	fureur	fureur	fureur	fureur	fureur	fureur	fureur
bien	bien	bien	bien	bien	bien	bien	bien	bien	bien	bien	bien	bien
déguisée	déguisée	déguisée	déguisée	déguisée	déguisée	déguisée	déguisée	déguisée	déguisée	déguisée	déguisée	déguisée
du	du	du	du	du	du	du	du	du	du	du	du	du
sceptique,	sceptique,	sceptique,	sceptique,	sceptique,	sceptique,	sceptique,	sceptique,	sceptique,	sceptique,	sceptique,	sceptique,	sceptique,
les	les	les	les	les	les	les	les	les	les	les	les	les
ruses	ruses	ruses	ruses	ruses	ruses	ruses	ruses	ruses	ruses	ruses	ruses	ruses
des	de	des	des	des	des	de	des	des	de	de	des	des
Sioux	Sioux	Sioux	Sioux	Sioux	Sioux	Sioux	Sioux	Sioux	Sioux	Sioux	Sioux	Sioux
du	du	du	du	du	du	du	du	du	du	du	du	du
rationnaliste	rationnaliste	rationaliste	rationaliste	rationnaliste	rationaliste	rationnaliste	rationaliste	rationaliste	rationaliste	rationaliste	rationaliste	rationnaliste
ou	ou	ou	ou	ou	ou	ou	ou	ou	ou	ou	ou	ou
la	la	la	la	la	la	la	la	la	la	la	la	la
candeur	candeur	candeur	candeur	candeur	candeur	candeur	candeur	candeur	candeur	candeur	candeur	candeur
ardente	ardente	ardente	ardente	ardente	ardente	ardente	ardente	ardente	ardente	ardente	ardente	ardente
de	de	de	de	de	de	de	de	de	de	de	de	de
l'athée.	l'athée.	l'athée.	l'athée.	l'athée.	l'athée.	l'athée.	l'athée.	l'athée.	l'athée.	l'athée.	l'athée.	l'athée.
Je	Je	Je	Je	Je	Je	Je	Je	Je	Je	Je	Je	Je
n'ose	n'ose	n'ose	n'ose	n'ose	n'ose	n'ose	n'ose	n'ose	n'ose	n'ose	n'ose	n'ose
donc	donc	donc	donc	donc	donc	donc	donc	donc	donc	donc	donc	donc
jeter	jeter	jeter	jeter	jeter	jeter	jeter	jeter	jeter	jeter	jeter	jeter	jeter
la	la	la	la	la	la	la	la	la	la	la	la	la
pierre	pierre	pierre	pierre	pierre	pierre	pierre	pierre	pierre	pierre	pierre	pierre	pierre
ni	ni	ni	ni	ni	ni	ni	ni	ni	ni	ni	ni	ni
à	à	à	à	à	à	à	à	à	à	à	à	à
celle	celle	celui	celui	celle	celui	celle	celui	c*le*	celle	celle	celui	celle
qui	qui	qui	qui	qui	qui	qui	qui	qui	qui	qui	qui	qui
croit	croit	croit	croit	croit	croient	croit	croit	croit	crois	croit	croit	croit
									en	en		
des	des	des	des	des	des	des	des	des	des	des	des	des
choses	choses	choses	choses	choses	choses	choses	choses	choses	choses	choses	choses	choses
qui	qui	qui	qui	qui	qui	qui	qui	qui	qui	qui	qui	qui
ne	ne	ne	ne	ne	ne	ne	ne	ne	ne	ne	ne	ne
m'inspirent	m'inspirent	m'inspirent	m'inspirent	m'inspirent	m'inspirent	m'inspire	m'inspirent	m'inspirent	m'inspire	m'inspirent	m'inspirent	m'inspirent
que	que	que	que	que	que	que	que	que	que	que	que	que
le	le	le	le	le	le	le	le	le	le	le	le	le
doute	doute	doute,	doute,	doute	doute,	doute,	doute,	doute,	doute,	doute,	doute,	doute,
ni	ni	ni	ni	ni	ni	ni	ni	ni	ni	ni	ni	ni
à	à	à	à	à	à	à	à	à	à	à	à	à
celui	celui	celui	celui	celui	celui	celui	celui	celui	celui	celui	celui	celui
qui	qui	qui	qui	qui	qui	qui	qui	qui	qui	qui	qui	qui
cultive	cultive	cultive	cultive	cultive	cultive	cultive	cultive	cultive	cultive	cultive	cultive	cultive
son	son	son	son	son	son	son	son	son	son	son	son	son
doute	doute	doute	doute	doute	doute	doute	doute	doute	doute	doute	doute	doute.
comme	comme	comme	comme	comme	comme	comme	comme	comme	comme	comme	comme	Comme
si	si	si	si	si	si	si	si	si	si	si	si	si
celui-ci	celui-ci	celui-ci	celui-ci	celui-ci	celui-ci	celui-ci	celui-ci	celui-ci	celui-ci	celui-ci	celui-ci	celui-ci
n'était	n'était	n'était	n'était	n'était	n'était	n'était	n'était	n'était	n'était	n'était	n'était	n'était
pas,	pas,	pas,	pas,	pas,	pas,	pas,	pas,	pas,	pas,	pas,	pas,	pas,
lui	lui	lui	lui	lui	lui	lui	lui	lui	lui	lui	lui	lui
aussi,	aussi,	aussi,	aussi,	aussi,	aussi,	aussi,	aussi	aussi,	aussi,	aussi,	aussi,	aussi,
entouré	entouré	entouré	entouré	entouré	entouré	entouré		entouré	entouré	entouré	entouré	entouré
de	de	de	de	de	de	de	de	de	de	de	de	de
ténèbres.	ténèbres.	ténèbres.	ténèbres.	ténèbres.	ténèbres.	ténèbres.	ténèbres.	ténèbres.	ténèbres.	ténèbres.	ténèbres.	ténèbres.
Cette	Cette	Cette	Cette	Cette	Cette	Cette	Cette	Cette	Cette	Cette	Cette	Cette
pierre	pierre	pierre	pierre	pierre	pierre	pierre	pierre	pierre	pierre	pierre	pierre	pierre
m'atteindrait	m'atteindrait	m'atteindrait	m'atteindrait	m'atteindrait	m'atteindrait	m'atteindrait	m'atteindrait	m'atteindrait	m'atteindrait	m'atteindrait	m'atteindrait	m'atteindrait
moi-même	moi-même	moi-même	moi-même	moi-même	moi-même	moi-même	moi-même	moi-même	moi-même	moi-même	moi-même	moi-même
car	car	car	car	car	car	car	car	car	car	car	car	car
je	je	je	je	je	je	je	je	je	je	je	je	je
suis	suis	suis	suis	suis	suis	suis	suis	suis	suis	suis	suis	suis
bien	bien	bien	bien	bien	bien	bien	bien	bien	bien	bien	bien	bien
certain	certain	certain	certain	certain	certain	certain	certain	certain	certain	certain	certain	certain
d'une	d'une	d'une	d'une	d'une	d'une	d'une	d'une	d'une	d'une	d'une	d'une	d'une
chose:	chose:	chose:	chose:	chose:	chose:	chose:	chose:	chose:	chose:	chose:	chose:	chose:
le	le	le	le	le	le	le	le	le	le	le	le	le
besoin	besoin	besoin	besoin	besoin	besoin	besoin	besoin	besoin	besoin	besoin	besoin	besoin
de	de	de	de	de	de	de	de	de	de	de	de	de
consolation	consolation	consolation	consolation	consolation	consolation	consolation	consolation	consolation	consolation	consolation	consolation	consolation
que	que	que	que	que	que	que	que	que	que	que	que	que
connait	connaît	connait	connaît	connaît	connait	connaît	connait	connait	connaît	connaît	connaît	connaît
l'être	l'être	l'être	l'être	l'être	l'être	l'être	l'être	l'être	l'être	l'être	l'être	l'être
humain	humain	humain	humain	humain	humain	humain	humain	humain	humain	humain	humain	humain
est	est	est	est	est	est	est	est	est	est	est	est	est
impossible	impossible	impossible	impossible	impossible	impossible	impossible	impossible	impossible	impossible	impossible	impossible	impossible
à	à	à	à	à	à	à	à	à	à	à	à	à
rassasier.	rassasier.	rassasier.	rassasier.	rassassier.	rassasier.	rassasier.	rassassier.	rassasier.	rassasier.	rassasier.	rassasier.	rassasier.
En	En	En	En	En	En	En	En	En	En	En	En	En
ce	ce	ce	ce	ce	ce	ce	ce	ce	ce	ce	ce	ce
qui	qui	qui	qui	qui	qui	qui	qui	qui	qui	qui	qui	qui
me	me	me	me	me	me	me	me	me	me	me	me	me
concerne,	concerne,	concerne,	concerne,	concerne,	concerne,	concerne,	concerne,	concerne,	concerne,	concerne,	concerne,	concerne,
je	je	je	je	je	je	je	je	je	je	je	je	je
traque	traque	traque	traque	traque	traque	traque	traque	traque	traque	traque	traque	traque
la	la	la	la	la	la	la	la	la	la	la	la	la
consolation	consolation	consolation	consolation	consolation	consolation	consolation	consolation	consolation	consolation	consolation	consolation	consolation
comme	comme	comme	comme	comme	comme	comme	comme	comme	comme	comme	comme	comme
le	le	le	le	le	le	le	le	le	le	le	le	le
chasseur	chasseur	chasseur	chasseur	chasseur	chasseur	chasseur	chasseur	chasseur	chasseur	chasseur	chasseur	chasseur
traque	traque	traque	traque	traque	traque	traqu,	traque	traque	tracque	traque	traque	traque
le	le	le	le	le	le	le	le	le	le	le	le	le
gibier.	gibier.	gibier.	gibier.	gibier.	gibier.	gibier.	gibier.	gibier.	gibier.	gibier.	gibier.	gibier.
Partout	Partout	Partout	Partout	Partout	Partout	Partout	Partout	Partout	Partout	Partout	Partout	Partout
où	où	où	où	où	où	où	où	où	où	où	où	où
je	je	je	je	je	je	je	je	je	je	je	je	je
crois	crois	crois	crois	crois	crois	crois	crois	crois	crois	crois	crois	crois
l'apercevoir	l'apercevoir	l'apercevoir	l'apercevoir	l'apercevoir	l'apercevoir	l'apercevoir	l'apercevoir	l'apercevoir	l'apercevoir	l'apercevoir	l'apercevoir	l'apercevoir
dans	dans	dans	dans	dans	dans	dans	dans	dans	dans	dans	dans	dans
la	la	la	la	la	la	la	la	la	la	la	la	la
forêt,	forêt,	forêt,	forêt,	forêt,	forêt,	forêt,	forêt,	forêt,	forêt,	forêt,	forêt,	forêt,
je	je	je	je	je	je	je	je	je	je	je	je	je
tire.	tire.	tire.	tire.	tire.	tire.	tire.	tire.	tire.	tire.	tire.	tire.	tire.
Souvent	Souvent	Souvent,	Souvent,	Souvent	Souvent	Souvent	Souvent,	Souvent	Souvent	Souvent	Souvent,	Souvent
je	je	je	je	je	je	je	je	je	je	je	je	je
n'atteins	n'atteins	n'atteins	n'atteins	n'atteins	n'atteins	n'atteins	n'atteins	n'atteins	n'atteint	n'atteins	n'atteins	n'atteins
que	que	que	que	que	que	que	que	que	que	que	que	que
le	le	le	le	le	le	le	le	le	le	le	le	le
vide	vide,	vide	vide	vide	vide	vide,	vide	vide	vide	vide	vide	vide
mais,	mais	mais,	mais,	mais,	mais,	mais	mais,	mais,	mais,	mais,	mais,	mais,
une	une	une	une	une	une	une	une	une	une	une	une	une
fois	fois	fois	fois	fois	fois	fois	fois	fois	fois	fois	fois	fois
de	de	de	de	de	de	de	de	de	de	de	de	de
temps	temps	temps	temps	temps	temps	temps	temps	temps	temps	temps	temps	temps
en	en	en	en	en	en	en	en	en	en	en	en	en
temps,	temps,	temps,	temps,	temps,	temps,	temps,	temps,	temps,	temps,	temps,	temps,	temps,
une	une	une	une	une	une	une	une	une	une	une	une	une
proie	proie	proie	proie	proie	proie	proie	proi	proie	proie	proie	proie	proie
tombe	tombe	tombe	tombe	tombe	tombe	tombe	tombe	tombe	tombe	tombe	tombe	tombe
à	à	à	à	à	à	à	à	à	à	à	à	à
mes	mes	mes	mes	mes	mes	mes	mes	mes	mes	mes	mes	mes
pieds.	pieds.	pieds.	pieds.	pieds.	pieds.	pieds.	pieds.	pieds.	pieds.	pieds.	pieds.	pieds.
Et,	Et,	Et,	Et,	Et	Et,	Et,	Et,	Et,	Et,	Et,	Et,	Et,
comme	comme	comme	comme	comme	comme	comme	comme	comme	comme	comme	comme	comme
je	je	je	je	je	je	je	je	je	je	je	je	je
sais	sais	sais	sais	sais	sais	sais	sais	sais	sais	sais	sais	sais
que	que	que	que	que	que	que	que	que	que	que	que	que
la	la	la	la	la	la	la	la	la	la	la	la	la
consolation	consolation	consolation	consolation	consolation	consolation	consolation	consolation	consolation	consolation	consolation	consolation	consolation
ne	ne	ne	ne	ne	ne	ne	ne	ne	ne	ne	ne	ne
dure	dure	dure	dure	dure	dure	dure	dure	dure	dure	dure	dure	dure
que	que	que	que	que	que	que	que	que	que	que	que	que
le	le	le	le	le	le	le	le	le	le	le	le	le
temps	temps	temps	temps	temps	temps	temps	temps	temps	temps	temps	temps	temps
d'un	d'un	d'un	d'un	d'un	d'un	d'un	d'un	d'un	d'un	d'un	d'un	d'un
souffle	souffle	souffle	souffle	souffle	souffle	souffle	souffle	souffle	souffle	souffle	souffle	souffle
de	de	de	de	de	de	de	de	de	de	de	de	de
vent	vent	vent	vent	vent	vent	vent	vent	vent	vent	vent	vent	vent
dans	dans	dans	dans	dans	dans	dans	dans	dans	dans	dans	dans	dans
la	la	la	la	la	la	la	la	la	la	la	la	la
cîme	cîme	nime (? or: scime?)	cime	cîme	scime	cîme	nime (?)	scime	scime (?)	scime (?)	cime	cîme
d'un	d'un	d'un	d'un	d'un	d'un	d'un	d'un	d'un	d'un	d'un	d'un	d'un
arbre,	arbre,	arbre,	arbre,	arbre,	arbre,	arbre,	arbre,	arbre,	arbre,	arbre,	arbre,	arbre,
je	je	je	je	je	je	je	je	je	je	je	je	je
me	me	me	me	me	me	me	me	me	me	me	me	me
dépêche	dépêche	dépêche	dépêche	dépêche	dépêche	dépêche	dépêche	dépêche	dépêche	dépêche	dépêche	dépêche
de	de	de	de	de	de	de	de	de	de	de	de	de
m'emparer	m'emparer	m'emparer	m'emparer	m'emparer	m'emparer	m'emparer	m'emparer	m'emparer	m'emparer	m'emparer	m'emparer	m'emparer
de	de	de	de	de	de	de	de	de	de	de	de	de
ma	ma	ma	ma	ma	ma	ma	ma	ma	ma	ma	ma	ma
victime.	victime.	victime.	victime.	victime.	victime.	victime.	victime.	victime.	victime.	victime.	victime.	victime.
Qu'ai-je	Qu'ai-je	Qu'ai-je	Qu'ai-je	Qu'ai-je	Qu'ai-je	Qu'ai-je	Qu'ai-je	Qu'ai-je	Qu'ai-je	Qu'ai-je	Qu'ai-je	Qu'ai-je
alors	alors	alors	alors	alors	alors	alors	alors	alors	alors	alors	alors	alors
entre	entre	entre	entre	entre	entre	entre	entre	entre	entre	entre	entre	entre
les	les	mes	mes	les	mes	les	mes	mes	mes	mes	mes	les
bras?	bras?	bras?	bras?	bras?	bras?	bras?	bras?	bras?	bras?	bras?	bras?	bras?
Puisque	Puisque	Puisque	Puisque	Puisque	Puisque	Puisque	Puisque	Puisque	Puisque	Puisque	Puisque	Puisque
je	je	je	je	je	je	je	je	je	je	je	je	je
suis	suis	suis	suis	suis	suis	suis	suis	suis	suis	suis	suis	suis
solitaire:	solitaire:	solitaire:	solitaire:	solitaire:	solitaire:	solitaire:	solitaire:	solitaire:	solitaire:	solitaire:	solitaire:	solitaire:
une	une	une	une	une	une	une	une	une	une	une	une	une
femme	femme	femme	femme	femme	femme	femme	femme	femme	femme	femme	femme	femme
aimée	aimée	aimée	aimée	aimée	aimée	aimée	aimée	aimée	aimée	aimée	aimée	aimée
ou	ou	ou	ou	ou	ou	ou	ou	ou	ou	ou	ou	ou
un	un	un	un	un	un	un	un	un	un	un	un	un
compagnon	compagnon	compagnon	compagnon	compagnon	compagnon	compagnon	compagnon	compagnon	compagnon	compagnon	compagnon	compagnon
de	de	de	de	de	de	de	de	de	de	de	de	de
voyage	voyage	voyage	voyage	voyage	voyage	voyage	voyage	voyage	voyage	voyage	voyage	voyage
malheureux.	malheureux.	malheureux.	malheureux.	malheureux.	malheureux.	malheureux.	malheureux.	malheureux.	malheureux.	malheureux.	malheureux.	malheureux.
Puisque	Puisque	Puisque	Puisque	Puisque	Puisque	Puisque	Puisque	Puisque	Puisque	Puisque	Puisque	Puisque
je	je	je	je	je	je	je	je	je	je	je	je	je
suis	suis	suis	suis	suis	suis	suis	suis	suis	suis	suis	suis	suis
poète:	poète:	poète:	poète:	poète:	poète:	poète:	poète:	poète:	poète:	poète:	poète:	poète:
un	un	un	un	un	un	un	un	un	un	un	un	un
arc	arc	arc	arc	arc	arc	arc	arc	arc	arche	arc	arc	arc
de	de	de	de	de	de	de	de	de	de	de	de	de
mots	mots	mots	mots	mots	mots	mots	mots	mots	mots	mots	mots	mots
que	que	que	que	que	que	que	que	que	que	que	que	que
je	je	je	je	je	je	je	je	je	je	je	je	je
ressens	ressens	ressens	ressens	ressens	ressens	ressens	ressens	ressens	ressent	ressens	ressens	ressens
de	de	de	de	de	de	dans	de	de	de	de	de	de
la	la	la	la	la	la	la	la	la	la	la	la	la
joie	joie	joie	joie	joie	joie	joie	joie	joie	joie	joie	joie	joie
et	et	et	et	et	et	et	et	et	et	et	et	et
de	de	de	de	de	de	de	de	de	de	de	de	de
l'effroi	l'effroi	l'effroi	l'effroi	l'effroi	l'effroi	l'effroi	l'effroi	l'effroi	l'effroi	l'effroi	l'effroi	l'effroi
à	à	à	à	à	à	à	à	à	abandées.	à	à	à
bander.	bander.	bander.	bander.	bander.	bander.	bander.	bander.	bander.		bander.	bander.	bander.
Puisque	Puisque	Puisque	Puisque	Puisque	Puisque	Puisque	Puisque	Puisque	Puisque	Puisque	Puisque	Puisque
je	je	je	je	je	je	je	je	je	je	je	je	je
suis	suis	suis	suis	suis	suis	suis	suis	suis	suis	suis	suis	suis
prisonnier:	prisonnier:	prisonnier:	prisonnier:	prisonnier:	prisonnier:	prisonnier:	prisonnier:	prisonnier:	prisonnier:	prisonnier:	prisonnier:	prisonnier:
un	un	un	un	un	un	un	un	un	un	un	un	un
aperçu	aperçu	aperçu	aperçu	aperçu	aperçu	aperçu	aperçu	aperçu	aperçu	aperçu	aperçu	aperçu
soudain	soudain	soudain	soudain	soudain	soudain	soudain	soudain	soudain	soudain	soudain	soudain	soudain
de	de	de	de	de	de	de	de	de	de	de	de	de
la	la	la	la	la	la	la	la	la	la	la	la	la
liberté.	liberté.	liberté.	liberté.	liberté.	liberté.	liberté.	liberté.	liberté.	liberté.	liberté.	liberté.	liberté.
Puisque	Puisque	Puisque	Puisque	Puisque	Puisque	Puisque	Puisque	Puisque	Puisque	Puisque	Puisque	Puisque
je	je	je	je	je	je	je	je	je	je	je	je	je
suis	suis	suis	suis	suis	suis	suis	suis	suis	suis	suis	suis	suis
menacé	menacé	menacé	menacé	menacé	menacé	menacé	menacé	menacé	menacé	menacé	menacé	menacé
par	par	par	par	par	par	par	par	par	par	par	par	par
la	la	la	la	la	la	la	la	la	la	la	la	la
mort:	mort:	mort:	mort:	mort:	mort:	mort:	mort:	mort:	mort:	mort:	mort:	mort:
un	un	un	un	un	un	un	un	un	un	un	un	un
animal	animal	animal	animal	animal	animal	animal	animal	animal	animal	animal	animal	animal
vivant	vivant	vivant	vivant	vivant	vivant	vivant	vivant	vivant	vivant	vivant	vivant	vivant
et	et	et	et	et	et	et	et	et	et	et	et	et
bien	bien	bien	bien	bien	bien	bien	bien	bien	bien	bien	bien	bien
chaud,	chaud,	chaud,	chaud,	chaud,	chaud,	chaud,	chaud,	chaud,	chaud,	chaud,	chaud,	chaud,
un	un	un	un	un	un	un	un	un	un	un	un	un
c½ur	c½ur	c½ur	c½ur	c½ur	c½ur	c½ur	c½ur	c½ur	c½ur	c½ur	c½ur	c½ur
qui	qui	qui	qui	qui	qui	qui	qui	qui	qui	qui	qui	qui
bat	bat	bat	bat	bat	bat	bat	bat	bat	bat	bat	bat	bat
de	de	de	de	de	de	de	de	de	de	de	de	de
façon	façon	façon	façon	façon	façon	façon	façon	façon	façon	façon	façon	façon
sarcastique.	sarcastique.	sarcastique.	sarcastique.	sarcastique.	sarcastique.	sarcastique.	sarcastique.	sarcastique.	sarcastique.	sarcastique.	sarcastique.	sarcastique.
Puisque	Puisque	Puisque	Puisque	Puisque	Puisque	Puisque	Puisque	Puisque	Puisque	Puisque	Puisque	Puisque
je	je	je	je	je	je	je	je	je	je	je	je	je
suis	suis	suis	suis	suis	suis	suis	suis	suis	suis	suis	suis	suis
menacé	menacé	menacé	menacé	menacé	menacé	menacé	menacé	menacé	menacé	menacé	menacé	menacé
par	par	par	par	par	par	par	par	par	par	par	par	par
la	la	la	la	la	la	la	la	la	la	la	la	la
mer:	mer:	mer:	mer:	mer:	mer:	mer:	mer:	mer:	mer:	mer:	mer:	mer:
un	un	un	un	un	un	un	un	un	un	un	un	un
récif	récif	récif	récif	récif	récif	récif	récif	récif	récif	récif	récif	récif
de	de	de	de	de	de	de	de	de	de	de	de	de
granite	granite	granite	granite	granite	granite	granite	granite	granite	granite	granite	granite	granite
bien	bien	bien	bien	bien	bien	bien	bien	bien	bien	bien	bien	bien
dur.	dur.	dur.	dur.	dur.	dur.	dur.	dur.	dur.	dure.	dur.	dur.	dur.
Mais	Mais	Mais	Mais	Mais	Mais	Mais	Mais	Mais	Mais	Mais	Mais	Mais
il	il	il	il	il	il	il	il	il	il	il	il	il
y	y	y	y	y	y	y	y	y	y	y	y	y
a	a	a	a	a	a	a	a	a	a	a	a	a
aussi	aussi	aussi	aussi	aussi	aussi	aussi	aussi	aussi	aussi	aussi	aussi	aussi
des	des	des	des	des	des	des	des	des	des	des	des	des
consolations	consolations	consolations	consolations	consolations	consolations	consolations	consolations	consolations	consolations	consolations	consolations	consolations
qui	qui	qui	qui	qui	qui	qui	qui	qui	qui	qui	qui	qui
viennent	viennent	viennent	viennent	viennent	viennent	viennent	viennent	viennent	viennent	viennent	viennent	viennent
à	à	à	à	à	à	à	à	à	à	à	à	à
moi	moi	moi	moi	moi	moi	moi	moi	moi	moi	moi	moi	moi
sans	sans	sans	sans	sans	sans	sans	sans	sans	sans	sans	sans	sans
y	y	y	y	y	y	y	y	y	y	y	y	y
être	être	être	être	être	être	être	être	être	êtres	être	être	être
conviées	conviées	conviées	conviées	conviées	conviée	conviées	conviées	conviées	conviées	conviées	conviées	conviées
et	et	et	et	et	et	et	et	et	et	et	et	et
qui	qui	qui	qui	qui	qui	qui	qui	qui	qui	qui	qui	qui
remplissent	remplissent	remplissent	remplissent	remplissent	remplissent	remplissent	remplissent	remplissent	remplissent	remplissent	remplissent	remplissent
ma	ma	ma	ma	ma	ma	ma		ma	ma	ma	ma	ma
chambre	chambre	chambre	chambre	chambre	chambre	chambre		chambre	chambre	chambre	chambre	chambre
de	de	de	de	de	de	de	de	de	de	de	de	de
chuchotements	chuchotements	chuchottements	chuchotements	chuchotements	chuchottements	chuchotements	chuchottements	chuchottements	chuchotements	chuchotements	chuchotements	chuchotements
odieux:	odieux:	odieux:	odieux:	odieux:	odieux:	odieux:	odieux:	odieux:	au	odieux:	odieux:	odieux:
									deu			
									dieu:			
"Je	"Je	je	je	"Je	Je	"Je	je	Je	Je	Je	je	"Je
suis	suis	suis	suis	suis	suis	suis	suis	suis	suis	suis	suis	suis
ton	ton	ton	ton	ton	ton	ton	ton	ton	ton	ton	ton	ton
plaisir:	plaisir:	plaisir:	plaisir:	plaisir:	plaisir:	plaisir:	plaisir:	plaisir:	plaisir	plaisir	plaisir:	plaisir:
aime-les	aime-les	aime-les	aime-les	aime-les	aime-les	aime-les	aime-les	aime-les	- aime-les	- aime-les	aime-les	aime-les
tous!",	tous!",	tous!	tous!	tous!",	tous!	toutes!",	tous!	tous!	tous!	tous!	tous!	tous!",
"Je	"Je	Je	Je	"Je	Je	"Je	Je	Je	Je	Je	Je	"Je
suis	suis	suis	suis	suis	suis	suis	suis	suis	suis	suis	suis	suis
ton	ton	ton	ton	ton	ton	ton	ton	ton	ton	ton	ton	ton
talent:	talent:	talent:	talent:	talent:	talents:	talent:	talent:	talents:	talent	talent	talent:	talent:
fais-en	fais-en	fais-en	fais-en	fais-en	fais-en	fais-en	fais-en	fais-en	- fais-en	- fais-en	fais-en	fais-en
aussi	aussi	aussi	aussi	aussi	aussi	aussi	aussi	aussi	aussi	aussi	aussi	aussi
mauvais	mauvais	mauvais	mauvais	mauvais	mauvais	mauvais	mauvais	mauvais	mauvais	mauvais	mauvais	mauvais
usage	usage	usage	usage	usage	usage	usage	usage	usage	usage	usage	usage	usage
que	que	que	que	que	que	que	que	que	que	que	que	que
de	de	de	de	de	de	de	de	de	de	de	de	
toi-même!",	toi-même!",	toi-même!	toi-même!	toi-même!",	toi-même!	toi-même!",	toi-même!	toi-même!	toi-même!	toi-même!	toi-même!	toi-même!",
"Je	"Je	Je	Je	"Je	Je	"Je	Je	Je	Je	Je	Je	"Je
suis	suis	suis	suis	suis	suis	suis	suis	suis	suis	suis	suis	suis
ton	ton	ton	ton	ton	ton	ton	ton	ton	ton	ton	ton	ton
désir	désir	désir	désir	désir	désir	désir	désir	désir	désir	désir	désir	désir
de	de	de	de	de	de	de	de	de	de	de	de	de
jouissance:	jouissance:	jouissance:	jouissance:	jouissance:	jouissance:	jouissance:	jouissance:	jouissance:	jouissance	jouissance	jouissance:	jouissance:
seuls	seuls	seuls	seuls	seuls	seuls	seuls	seuls	seuls	- seuls	- seuls	seuls	seuls
vivent	vivent	vivent	vivent	vivent	vivent	vivent	vivent	vivent	vivent	vivent	vivent	vivent
les	les	les	les	les	les	les	les	les	les	les	les	les
gourmets",	gourmets",	gourmets!	gourmets!	gourmets",	gourmets!	gourmets",	gourmets!	gourmets!	gourmets!	gourmets!	gourmets!	gourmets!",
"Je	"Je	Je	Je	"Je	Je	"Je	Je	Je	Je	Je	Je	"Je
suis	suis	suis	suis	suis	suis	suis	suis	suis	suis	suis	suis	suis
ta	ta	ta	ta	ta	ta	ta	ta	ta	ta	ta	ta	ta
solitude:	solitude:	solitude:	solitude:	solitude:	solitude:	solitude:	solitude:	solitude:	solitude	solitude	solitude:	solitude:
Méprise	méprise	méprise	méprise	Méprise	méprise	méprise	méprise	méprise	- méprise	- méprise	méprise	méprise
les	les	les	les	les	les	les	les	les	les	les	les	les
hommes!",	hommes!",	hommes!	hommes!	hommes!",	hommes!	hommes!",	hommes!	hommes!	hommes!	hommes!	hommes!	hommes!",
"Je	"Je	Je	Je	"Je	Je	"Je	Je	Je	Je	Je	Je	"Je
suis	suis	suis	suis	suis	suis	suis	suis	suis	suis	suis	suis	suis
ton	ton	ton	ton	ton	ton	ton	ton	ton	ton	ton	ton	ton
aspiration	aspiration	aspiration	aspiration	aspiration	aspiration	aspiration	aspiration	aspiration	aspiration	aspiration	aspiration	aspiration
à	à	à	à	à	à	à	à	à	à	à	à	à
la	la	la	la	la	la	la	la	la	la	la	la	la
mort:	mort:	mort:	mort:	mort:	mort:	mort:	mort:	mort:	mort	mort	mort:	mort:
alors	alors	alors	alors	alors	alors	alors	alors	alors	- alors	- alors	alors	alors
tranche!".	tranche!"	tranche!	tranche!	tranche!".	tranche!	tranche!"	tranche!	tranche!	tranche!	tranche!	tranche!	tranche!".
Le	Le	Le	Le	Le	Le	Le	Le	Le	Le	Le	Le	Le
fil	fil	fil	fil	fil	fil	fil	fil	fil	fil	fil	fil	fil
du	du	du	du	du	du	du	du	du	du	du	du	du
rasoir	rasoir	rasoir	rasoir	rasoir	rasoir	rasoir	rasoir	rasoir	rasoir	rasoir	rasoir	rasoir
est	est	est	est	est	est	est	est	est	est	est	est	est
bien	bien	bien	bien		bien	bien	bien	bien	bien	bien	bien	bien
étroit.	étroit.	étroit.	étroit.	étroit.	étroit.	étroit.	étroit.	étroit.	étroit.	étroit.	étroit.	étroit.
Je	Je	Je	Je	Je	Je	Je	Je	Je	Je	Je	Je	Je
vois	vois	vois	vois	vois	crois	vois	vois	vois	vois	vois	vois	vois
ma	ma	ma	ma	ma	ma	ma	ma	ma	ma	ma	ma	ma
vie	vie	vie	vie	vie	vie	vie	vie	vie	vie	vie	vie	vie
menacée	menacée	menacée	menacée	menacée	menacée	menacée	menacée	menacée	menacée	menacée	menacée	menacée
par	par	par	par	par	par	par	par	par	par	par	par	par
deux	deux	deux	deux	deux	deux	deux	deux	deux	deux	deux	deux	deux
périls:	périls:	périls:	périls:	périls:	périls:	périls:	périls:	périls:	périls:	périls:	périls:	périls:
d'un	d'un	d'un	d'un	d'un	d'un	d'un	d'un	d'un	d'un	d'un	d'un	d'un
côté	côté	côté	côté	côté	côté	côté	côté	côté	côté	côté	côté	côté
par	par	par	par	par	par	par	par	par	par	par	par	par
les	les	les	les	les	les	les	les	les	les	les	les	les
bouches	bouches	bouches	bouches	bouches	bouches	bouches	bouches	bouches	bouches	bouches	bouches	bouches
avides	arides (?)	avides	avides	avides	avides	avides	avides	avides	avides	avides	avides	avides
de	de	de	de	de	de	de	de	de	de	de	de	de
la	la	la	la	la	la	la	la	la	la	la	la	la
gourmandise,	gourmandise,	gourmandise,	gourmandise,	gourmandise,	gourmandise,	gourmandise,	gourmandise,	gourmandises,	gourmandise,	gourmandise,	gourmandise,	gourmandise,
de	de	de	de	de	de	de	de	de	de	de	de	de
l'autre	l'autre	l'autre	l'autre	l'autre	l'autre	l'autre	l'autre	l'autre	l'autre	l'autre	l'autre	l'autre
par	par	par	par	par	par	par	par	par	par	par	par	par
l'amertume	l'amertume	l'amertume	l'amertume	l'amertume	l'amertume	l'amertume	l'amertume	l'amertume	l'amertume	l'amertume	l'amertume	l'amertume
de	de	de	de	de	de	de	de	de	de	de	de	de
l'avarice	l'avarice	l'avarice	l'avarice	l'avarice	l'avarice	l'avarice	l'avarice	l'avarice	l'avarice	l'avarice	l'avarice	l'avarice
qui	qui	qui	qui	qui	qui	qui	qui	qui	qui	qui	qui	qui
se	se	se	se	se	se	se	se	se	se	se	se	se
nourrit	nourrit	nourrit	nourrit	nourrit	nourrit	nourrit	nourrit	nourrit	nourrit	nourrit	nourrit	nourrit
d'elle-même.	d'elle-même.	d'elle-même.	d'elle-même.	d'elle-même.	d'elle-même.	d'elle-même.	d'elle-même.	d'elle-même.	d'elle-même.	d'elle-même.	d'elle-même.	d'elle-même.
Mais	Mais	Mais	Mais	Mais	Mais	Mais	Mais	Mais	Mais	Mais	Mais	Mais
je	je	je	je	je	je	je	je	je	je	je	je	je
tiens	tiens	tiens	tiens	tiens	tiens	tiens	tiens	tiens	tiens	tiens	tiens	tiens
à	à	à	à	à	à	à	à	à	à	à	à	à
refuser	refuser	refuser	refuser	refuser	refuser	refuser	refuser	refuser	refuser	refuser	refuser	refuser
de	de	de	de	de	de	de	de	de	de	de	de	de
choisir	choisir	choisir	choisir	choisir	choisir	choisir	choisir	choisir	choisir	choisir	choisir	choisir
entre	entre	entre	entre	entre	entre	entre	entre	entre	entre	entre	entre	entre
l'orgie	l'orgie	l'orgie	l'orgie	l'orgie	l'orgie	l'orgie	l'orgie	l'orgie	l'orgie	l'orgie	l'orgie	l'orgie
et	et	et	et	et	et	et	et	et	et	et	et	et
l'ascèse,	l'ascèse,	l'ascèse,	l'ascèse,	l'ascèse,	l'ascèse,	l'ascèse,	l'ascèse,	l'ascèse,	la	l'ascèse,	l'ascèse,	l'ascèse,
									cèse,			
même	même	même	même	même	même	même	même	même	même	même	même	même
si	si	si	si	si	si	si	si	si	si	si	si	si
je	je	je	je	je	je	je	je	je	je	je	je	je
dois	dois	dois	dois	dois	dois	dois	dois	dois	dois	dois	dois	dois
pour	pour	pour	pour	pour	pour	pour	pour	pour	pour	pour	pour	pour
cela	cela	cela	cela	cela	cela	cela	cela	cela	cela	cela	cela	cela
subir	subir	subir	subir	subir	subir	subir	subir	subir	subire	subir	subir	subir
le	le	le	le	le	le	le	le	le	le	le	le	le
supplice	supplice	supplice	supplice	supplice	supplice	supplice	supplice	supplice	supplice	supplice	supplice	supplice
du	du	du	du	du	du	du	du	du	du	du	du	du
grill	grill	grill		grill	grill	grill	grill	grill	grill	grill	grill	grill
de	de	de	de	de	de	de	de	des	de	de	de	de
mes	mes	mes	mes	mes	mes	mes	mes	mes	mes	mes	mes	mes
désirs.	désirs.	désirs.	désirs.	désirs.	désirs.	désirs.	désirs.	désirs.	désirs.	désirs.	désirs.	désirs.
Pour	Pour	Pour	Pour	Pour	Pour	Pour	Pour	Pour	Pour	Pour	Pour	Pour
moi,	moi,	moi,	moi,	moi,	moi,	moi,	moi,	moi,	moi,	moi,	moi,	moi,
il	il	il	il	il	il	il	il	il	il	il	il	il
ne	ne	ne	ne	ne	ne	ne	ne	ne	ne	ne	ne	ne
suffit	suffit	suffit	suffit	suffit	suffit	suffit	suffit	suffit	suffit	suffit	suffit	suffit
pas	pas	pas	pas	pas	pas	pas	pas	pas	pas	pas	pas	pas
de	de	de	de	de	de	de	de	de	de	de	de	de
savoir	savoir	savoir	savoir	savoir	savoir	savoir	savoir	savoir	savoir	savoir	savoir	savoir
que,	que,	que,	que,	que,	que,	que,	que,	que,	que,	que,	que,	que,
puisque	puisque	puisque	puisque	puisque	puisque	puisque	puisque	puisque	puisque	puisque	puisque	puisque
nous	nous	nous	nous	nous	nous	nous	nous	nous	nous	nous	nous	nous
ne	ne	ne	ne	ne	ne	ne	ne	ne	ne	ne	ne	ne
sommes	sommes	sommes	sommes	sommes	sommes	sommes	sommes	sommes	sommes	sommes	sommes	sommes
pas	pas	pas	pas	pas	pas	pas	pas	pas	pas	pas	pas	pas
libres	libres	libres	libres	libres	libres	libres	libres	libres	libres	libres	libres	libres
de	de	de	de	de	de	de	de	de	de	de	de	de
nos	nos	nos	nos	nos	nos	nos	nos	nos	nos	nos	nos	nos
actes,	actes,	actes,	actes,	actes,	actes,	actes,	actes,	actes,	actes,	actes,	actes,	actes,
tout	tout	tout	tout	tout	tout	tout	tout	tout	tout	tout	tout	tout
est	est	est	est	est	est	est	est	est	est	est	est	est
excusable.	excusable.	excusable.	excusable.	excusable.	excusable.	excusable.	excusable.	excusable.	excusable.	excusable.	excusable.	excusable.
Ce	Ce	Ce	Ce	Ce	Ce	Ce	Ce	Ce	Ce	Ce	Ce	Ce
que	que	que	que	que	que	que	que	que	que	que	que	que
je	je	je	je	je	je	je	je	je	je	je	je	je
cherche,	cherche,	cherche,	cherche,	cherche,	cherche,	cherche,	cherche,	cherche,	cherche,	cherche,	cherche,	cherche,
ce	ce	ce	ce	ce	ce	ce	ce	ce	ce	ce	ce	ce
n'est	n'est	n'est	n'est	n'est	n'est	n'est	n'est	n'est	n'est	n'est	n'est	n'est
pas	pas	pas	pas	pas	pas	pas	pas	pas	pas	pas	pas	pas
une	une	une	une	une	une	une	une	une	une	une	une	une
excuse	excuse	excuse	excuse	excuse	excuse	excuse	excuse	excuse	excuse	excuse	excuse	excuse
à	à	à	à	à	à	à	à	à	à	à	à	à
ma	ma	ma	ma	ma	ma	ma	ma	ma	ma	ma	ma	ma
vie,	vie,	vie	vie,	vie,	vie	vie;	vie	vie	vie	vie	vie,	vie,
mais	mais	mais	mais	mais	mais	mais	mais	mais	mais	mais	mais	mais
exactement	exactement	exactement	exactement	exactement	exactement	exactement	exactement	exactement	exactement	exactement	exactement	exactement
le	le	le	le	le	le	le	le	le	le	le	le	le
contraire	contraire	contraire	contraire	contraire	contraire	contraire	contraire	contraire	contraire	contraire	contraire	contraire
d'une	d'une	d'une	d'une	d'une	d'une	d'une	d'une	d'une	d'une	d'une	d'une	d'une
excuse:	excuse:	excuse:	excuse:	excuse	excuse:	excuse:	excuse:	excuse:	excuse:	excuse:	excuse:	excuse:
				à								
				ma								
				vie,								
				mais								
				exactement								
				le								
				contraire								
				d'une								
				excuse:								
le	le	le	le	le	le	le	le	le	le	le	le	le
pardon.	pardon.	pardon.	pardon.	pardon.	pardon.	pardon.	pardon.	pardon.	pardon.	pardon.	pardon.	pardon.
L'idée	L'idée	L'idée	L'idée	L'idée	L'idée	L'idée	L'idée	L'idée	L'idée	L'idée	L'idée	L'idée
me	me	me	me	me	me	me	me	me	me	me	me	me
vient	vient	vient	vient	vient	vient	vient	vient	vient	vient	vient	vient	vient
finalement	finalement	finalement	finalement	finalement	finalement	finalement	finalement	finalement	finalement	finalement	finalement	finalement
que	que	que	que	que	que	que	que	que	que	que	que	que
toute	toute	toute	toute	toute	toute	toute	toute	toute	toute	toute	toute	toute
consolation	consolation	consolation	consolation	consolation	consolation	consolation	consolation	consolation	consolation	consolation	consolation	consolation
ne	ne	ne	ne	ne	ne	ne	ne	ne	ne	ne	ne	ne
prenant	prenant	prenant	prenant	prenant	prenant	prenant	prenant	prenant	prenant	prenant	prenant	prenant
pas	pas	pas	pas	pas	pas	pas	pas	pas	pas	pas	pas	pas
en	en	en	en	en	en	en	en	en	en	en	en	en
compte	compte	compte	compte	compte	compte	compte	compte	compte	compte	compte	compte	compte
ma	ma	ma	ma	ma	ma	ma	ma	ma	ma	ma	ma	ma
liberté	liberté	liberté	liberté	liberté	liberté	liberté	liberté	liberté	liberté	liberté	liberté	liberté
est	est	est	est	est	est	est	est	est	est	est	est	est
trompeuse,	trompeuse,	trompeuse,	trompeuse,	trompeuse,	trompeuse,	trompeuse,	trompeuse,	trompeuse,	trompeuse,	trompeuse,	trompeuse,	trompeuse,
qu'elle	qu'elle	qu'elle	qu'elle	qu'elle	qu'elle	qu'elle	qu'elle	qu'elle	qu'elle	qu'elle	qu'elle	qu'elle
n'est	n'est	n'est	n'est	n'est	n'est	n'est	n'est	n'est	n'est	n'est	n'est	n'est
que	que	que	que	que	que	que	que	que	que	que	que	que
l'image	l'image	l'image	l'image	l'image	l'image	l'image	l'image	l'image	l'image	l'image	l'image	l'image
réfléchie	réfléchie	réfléchie	réfléchie	réfléchie	réfléchie	réfléchie	réfléchie	réfléchie	réfléchie	réfléchie	réfléchie	réfléchie
de	de	de	de	de	de	de	de	de	de	de	de	de
mon	mon	mon	mon	mon	mon	mon	mon	mon	mon	mon	mon	mon
désespoir.	désespoir.	désespoir.	désespoir.	désespoir.	désespoir.	désespoir.	désespoir.	désespoir.	désespoir.	désespoir.	désespoir.	désespoir.
En	En	En	En	En	En	En	En	En	En	En	En	En
effet,	effet,	effet,	effet,	effet,	effet,	effet,	effet,	effet,	effet,	effet,	effet,	effet,
lorsque	lorsque	lorsque	lorsque	lorsque	lorsque	lorsque	lorsque	lorsque	lorsque	lorsque	lorsque	lorsque
mon	mon	mon	mon	mon	mon	mon	mon	mon	mon	mon	mon	mon
désespoir	désespoir	désespoir	désespoir	désespoir	désespoir	désespoir	désespoir	désespoir	désespoir	désespoir	désespoir	désespoir
me	me	me	me	me	me	me	me	me	me	me	me	me
dit:	dit:	dit:	dit:	dit:	dit:	dit:	dit:	dit:	dit:	dit:	dit:	dit:
"Perds	"Perds	Perds	Perds	"Perds	Perds	"Perds	perds	Perds	Perd	Perds	Perds	"Prends
confiance,	confiance,	confiance,	confiance,	confiance,	confiance,	confiance	confiance,	confiance,	confiance,	confiance,	confiance,	confiance,
car	car	car	car	car	car	car	car	car	car	car	car	car
chaque	chaque	chaque	chaque	chaque	chaque	chaque	chaque	chaque	chaque	chaque	chaque	chaque
joie	jour	jour	jour	joie	jour	jour	jour	jour	jour	jour	jour	joie
n'est	n'est	n'est	n'est	n'est	n'est	n'est	n'est	n'est	n'est	n'est	n'est	n'est
qu'une	qu'une	qu'une	qu'une	qu'une		qu'une	qu'une	qu'une	qu'une	qu'une	qu'une	qu'une
trève	trève	trève	trève	trève	trève	trêve	trève	trève	trêve	trêve	trève	trève
entre	entre	entre	entre	entre	entre	entre	entre	entre	entre	entre	entre	entre
deux	deux	deux	deux	deux	deux	deux	deux	deux	deux	deux	deux	deux
nuits",	nuits",	nuits,	nuits,	nuits",	nuits,	nuits",	nuits,	nuits,	nuits,	nuits,	nuits,	nuits",
la	la	la	la	la	la	la	la	la	la	la	la	la
fausse	fausse	fausse	fausse	fausse	fausse	fausse	fausse	fausse	fausse	fausse	fausse	fausse
consolation	consolation	consolation	consolation	consolation	consolation	consolation	consolation	consolation	consolation	consolation	consolation	consolation
me	me	me	me	me	me	me	me	me	me	me	me	me
crie:	crie:	crie:	crie:	crie:	crie:	crie:	crie:	crie:	crie:	crie:	crie:	crie:
"Espère,	"Espère,	Espère,	Espère,	"Espère,	Espère,	"Espère,	Espère,	Espère,	Espère,	Espère,	Espère,	"Espère,
car	car	car	car	car	car	car	car	car	car	car	car	car
chaque	chaque	chaque	chaque	chaque	chaque	chaque	chaque	chaque	chaque	chaque	chaque	chaque
nuit	nuit	nuit	nuit	nuit	nuit	nuit	nuit	nuit	nuit	nuit	nuit	nuit
n'est	n'est	n'est	n'est	n'est	n'est	n'est	n'est	n'est	n'est	n'est	n'est	n'est
qu'une	qu'une	qu'une	qu'une	qu'une	qu'une	qu'une	qu'une	qu'une	qu'une	qu'une	qu'une	qu'une
trève	trève	trève	trève	trève	trève	trêve	trève	trève	trêve	trêve	trève	trève
entre	entre	entre	entre	entre	entre	entre	entre	entre	entre	entre	entre	entre
deux	deux	deux	deux	deux	deux	deux	deux	deux	deux	deux	deux	deux
jours".	jours".	jours.	jours.	jours".	jours.	jours".	jours.	jours.	jours.	jours.	jours.	jours".
Mais	Mais	Mais	Mais	Mais	Mais	Mais	Mais	Mais	Mais	Mais	Mais	Mais
l'humanité	l'humanité	l'humanité	l'humanité	l'humanité	l'humanité	l'humanité	l'humanité	l'humanité	l'humanité	l'humanité	l'humanité	l'humanité
n'a	n'a	n'a	n'a	n'a	n'a	n'a	n'a	n'a	n'a	n'a	n'a	n'a
que	que	que	que	que	que	que	que	que	que	que	que	que
faire	faire	faire	faire	faire	faire	faire	faire	faire	faire	faire	faire	faire
d'une	d'une	d'une	d'une	d'une	d'une	d'une	d'une	d'une	d'une	d'une	d'une	d'une
consolation	consolation	consolation	consolation	consolation	consolation	consolation	consolation	consolation	consolation	consolation	consolation	consolation
en	en	en	en	en	en	en	en	en	en	en	en	en
forme	forme	forme	forme	forme	forme	forme	forme	forme	forme	forme	forme	forme
de	de	de	de	de	de	de	de	de	de	de	de	de
mot	mot	mot	mot	mot	mot	mot	mot	mot	mot	mot	mot	mot
d'esprit:	d'esprit:	d'esprit:	d'esprit:	d'esprit:	d'esprit:	d'esprit:	d'esprit:	d'esprit:	d'esprit:	d'esprit:	d'esprit:	d'esprit:
elle	elle	elle	elle	elle	elle	elle	elle	elle	elle	elle	elle	elle
a	a	a	a	a	a	a	a	a	a	a	a	a
besoin	besoin	besoin	besoin	besoin	besoin	besoin	besoin	besoin	besoin	besoin	besoin	besoin
d'une	d'une	d'une	d'une	d'une	d'une	d'une	d'une	d'une	d'une	d'une	d'une	d'une
consolation	consolation	consolation	consolation	consolation	consolation	consolation	consolation	consolation	consolation	consolation	consolation	consolation
qui	qui	qui	qui	qui	qui	qui	qui	qui	qui	qui	qui	qui
illumine.	illumine.	illumine.	illumine.	illumine.	illumine.	illumine.	illumine.	illumine.	illumine.	illumine.	illumine.	illumine.
Et	Et	Et	Et	Et	Et	Et	Et	Et	Et	Et	Et	Et
celui	celui	celui	celui	celui	celui	celui	celui	celui	celui	celui	celui	celui
qui	qui	qui	qui	qui	qui	qui	qui	qui	qui	qui	qui	qui
souhaite	souhaite	souhaite	souhaite	souhaite	souhaite	souhaite	souhaite	souhaite	souhaite	souhaite	souhaite	souhaite
devenir	devenir	devenir	devenir	devenir	devenir	devenir	devenir	devenir	devenir	devenir	devenir	devenir
mauvais,	mauvais,	mauvais,	mauvais,	mauvais,	mauvais,	mauvais,	mauvais,	mauvais,	mauvais,	mauvais,	mauvais,	mauvais,
c'est-à-dire	c'est-à-dire	c'est-à-dire	c'est-à-dire	c'est-à-dire	c'est-à-dire	c'est-à-dire	c'est-à-dire	c'est-à-dire	c'est-à-dire	c'est-à-dire	c'est-à-dire	c'est-à-dire
devenir	devenir	devenir	devenir	devenir	devenir	devenir	devenir	devenir	devenir	devenir	devenir	devenir
un	un	un	un	un	un	un	un	un	un	un	un	un
homme	homme	homme	homme	homme	homme	homme	homme	homme	homme	homme	homme	homme
qui	qui	qui	qui	qui	qui	qui	qui	qui	qui	qui	qui	qui
agisse	agisse	agisse	agisse	agisse	agisse	agisse	agisse	agisse	agisse	agisse	agisse	agisse
comme	comme	comme	comme	comme	comme	comme	comme	comme	comme	comme	comme	comme
si	si	si	si	si	si	si	si	si	si	si	si	si
toutes	toutes	toutes	toutes	toutes	toutes	toutes	toutes	toutes	toutes	toutes	toutes	toutes
les	les	les	les	les	les	les	les	les	les	les	les	les
actions	actions	actions	actions	actions	actions	actions	actions	actions	actions	actions	actions	actions
étaient	étaient	étaient	étaient	étaient	étaient	étaient	étaient	étaient	étaient	étaient	étaient	étaient
défendables,	défendables,	défendables,	défendables,	défendables,	défendables,	défendables,	défavorables,	défendables,	défendables,	défendables,	défendables,	défendables,
doit	doit	doit	doit	doit	doit	doit	doit	doit	doit	doit	doit	doit
du	du	au	au	du	du	du	au	au	au	au	au	au
moins	moins	moins	moins	moins	moins	moins	moins	moins	moins	moins	moins	moins
avoir	avoir	avoir	avoir	avoir	avoir	avoir	avoir	avoir	avoir	avoir	avoir	avoir
la	la	la	la	la	la	la	la	la	la	la	la	la
bonté	bonté	bonté	bonté	bonté	bonté	bonté	bonté	bonté	bonté	bonté	bonté	bonté
de	de	de	de	de	de	de	de	de	de	de	de	de
le	le	le	le	le	le	le	le	le	le	le	le	le
remarquer	remarquer	remarquer	remarquer	remarquer	remarquer	remarquer	remarquer	remarquer	remarquer	remarquer	remarquer	remarquer
lorsqu'il	lorsqu'il	lorsqu'il	lorsqu'il	lorsqu'il	lorsqu'il	lorsqu'il	lorsqu'il	lorsqu'il	lorsqu'il	lorsqu'il	lorsqu'il	lorsqu'il
y	y	y	y	y	y	y	y	y	y	y	y	y
parvient.	parvient.	parvient.	parvient.	parvient.	parvient.	parvient.	parvient.	parvient.	parvient.	parvient.	parvient.	parvient.
Personne	Personne	Personne	Personne	Personne	Personne	Personne	Personne	Personne	Personne	Personne	Personne	Personne
ne	ne	ne	ne	ne	ne	ne	ne	ne	ne	ne	ne	ne
peut	peut	peut	peut	peut	peut	peut	peut	peut	peut	peut	peut	peut
énumérer	énumérer	énumérer	énumérer	énumérer	énumérer	énumérer	énumérer	énumérer	énumérer	énumérer	énumérer	énumérer
tous	tous	tous	tous	tous	tous	tous	tous	tous	tous	tous	tous	tous
les	les	les	les	les	les	les	les	les	les	les	les	les
cas	cas	cas	cas	cas	cas	cas	cas	cas	cas	cas	cas	cas
où	où	où	où	où	où	où	où	où	où	où	où	où
la	la	la	la	la	la	la	la	la	la	la	la	la
consolation	consolation	consolation	consolation	consolation	consolation	consolation	consolation	consolation	consolation	consolation	consolation	consolation
est	est	est	est	est	est	est	est	est	est	est	est	est
une	une	une	une	une	une	une	une	une	une	une	une	une
nécessité.	nécessité.	nécessité.	nécessité.	nécessité.	nécessité.	nécessité.	nécessité.	nécessité.	nécessité.	nécessité.	nécessité.	nécessité.
Personne	Personne	Personne	Personne	Personne	Personne	Personne	Personne	Personne	Personne	Personne	Personne	Personne
ne	ne	ne	ne	ne	ne	ne	ne	ne	ne	ne	ne	ne
sait	sait	sait	sait	sait	sait	sait	sait	sait	sait	sait	sait	sait
quand	quand	quand	quand	quand	quand	quand	quand	quand	quand	quand	quand	quand
	tombera	tombera	tombera	tombera	tombera	tombera	tombera	tombera	tombera	tombera	tombera	tombera
	le	le	le	le	le	le	le	le	le	le	le	le
	crépuscule	crépuscule	crépuscule	crépuscule	crépuscule	crépuscule	crépuscule	crépuscule	crépuscule	crépuscule	crépuscule	crépuscule
	et	et	et	et	et	et	et	et	et	et	et	et
	la	la	la	la	la	la	la	la	la	la	la	la
	vie	vie	vie	vie	vie	vie	vie	vie	vie	vie	vie	vie
	n'est	n'est	n'est	n'est	n'est	n'est	n'est	n'est	n'est	n'est	n'est	n'est
	pas	pas	pas	pas	pas	pas	pas	pas	pas	pas	pas	pas
	un	un	un	un	un	un	un	un	un	un	un	un
	problème	problème	problème	problème	problème	problème	problème	problème	problème	problème	problème	problème
	qui	qui	qui	qui	qui	qui	qui	qui	qui	qui	qui	qui
	puisse	puisse	puisse	puisse	puisse	peut	puisse	puisse	puisse	puisse	puisse	puisse
	être	être	être	être	être	être	être	être	être	être	être	être
	résolu	résolu	résolu	résolu	résolu	résolu	résolu	résolu	résolu	résolu	résolu	résolu
	en	en	en	en	en	en	en	en	en	en	en	en
	divisant	divisant	divisant	divisant	divisant	divisant	divisant	divisant	divisant	divisant	divisant	divisant
	la	la	la	la	la	la	la	la	la	la	la	la
	lumière	lumière	lumière	lumière	lumière	lumière	lumière	lumière	lumière	lumière	lumière	lumière
	par	par	par	par	par	par	par	par	par	par	par	par
	l'obscurité	l'obscurité	l'obscurité	l'obscurité	l'obscurité	l'obscurité	l'obscurité	l'obscurité	l'obscurité	l'obscurité	l'obscurité	l'obscurité
	et	et	et	et	et	et	et	et	et	et	et	et
	les	les	les	les	les	les	les	les	les	les	les	les
	jours	jours	jours	jours	jours	jours	jours	jours	jours	jours	jours	jours
	par	par	par	par	par	par	par	par	par	par	par	par
	les	les	les	les	les	les	les	les	les	les	les	les
	nuits,	nuits,	nuits,	nuits,	nuits,	nuits;	nuits,	nuits,	nuits,	nuits,	nuits,	nuits,
	c'est	c'est	c'est	c'est	c'est	c'est	c'est	c'est	c'est	c'est	c'est	c'est
	un	un	un	un	un	un	un	un	un	un	un	un
	voyage	voyage	voyage	voyage	voyage	voyage	voyage	voyage	voyage	voyage	voyage	voyage
	imprévisible	imprévisible	imprévisible	imprévisible	prévisible	imprévisible	imprévisible	imprévisible	imprévisible	imprévisible	imprévisible	imprévisible
	entre	entre	entre	entre	entre	entre	entre	entre	entre	entre	entre	entre
	des	des	des	des	les	des	des	des	des	des	des	des
	lieux	lieux	lieux	lieux	lieux	lieux	lieux	lieux	lieux	lieux	lieux	lieux
	qui	qui	qui	qui	qui	qui	qui	qui	qui	qui	qui	qui
	n'existent	n'existent	n'existent	n'existent	n'existent	n'existent	n'existent	n'existent	n'existent	n'existent	n'existent	n'existent
	pas.	pas.	pas.	pas.	pas.	pas.	pas.	pas.	pas.	pas.	pas.	pas.
	Je	Je	Je	Je	Je	Je	Je	Je	Je	Je	Je	Je
	peux,	peux,	peux,	peux,	peux,	peux,	peux,	peux,	peux,	peux,	peux,	peux,
	par	par	par	par	par	par	par	par	par	par	par	par
	exemple,	exemple,	exemple,	exemple,	exemple,	exemple,	exemple,	exemple,	exemple,	exemple,	exemple,	exemple,
	marcher	marcher	marcher	marcher	marcher	marcher	marcher	marcher	marcher	marcher	marcher	marcher
	sur	sur	sur	sur	sur	sur	sur	sur	sur	sur	sur	sur
	le	le	le	le	le	le	le	le	le	le	le	le
	rivage	rivage	rivage	rivage	rivage	rivage	rivage	rivage	rivage	rivage	rivage	rivage
	et	et	et	et	et	et	et	et	et	et	et	et
	ressentir	ressentir	ressentir	ressentir	ressentir	ressentir	ressentir	ressentir	ressentir	ressentir	ressentir	ressentir
	tour	tout	tout	tout	tout	tour	tout	tout	tout	tout	tout	tout
	à	à	à	à	à	à	à	à	à	à	à	à
	tour	coup	coup	coup	coup	tour	coup	coup	coup	coup	coup	coup
	le	le	le	le	le	le	le	le	le	le	le	le
	défi	défi	défi	défi	défi	défi	défi	défi	défit	défi	défi	défi
	effroyable	effroyable	effroyable	effroyable	effroyable	effroyable	effroyable	effroyable	effroyable	effroyable	effroyable	effroyable
	que	que	que	que	que	que	que	que	que	que	que	que
	l'éternité	l'éternité	l'éternité	l'éternité	l'éternité	l'éternité	l'éternité	l'éternité	l'éternité	l'éternité	l'éternité	l'éternité
	lance	lance	lance	lance	lance	lance	lance	lance	lance	lance	lance	lance
	à	à	à	à	à	à	à	à	à	à	à	à
	mon	mon	mon	mon	mon	mon	mon	mon	mon	mon	mon	mon
	existence	existence	existence	existence	existence	existence	existence	existence	existence	existence	existence	existence
	dans	dans	dans	dans	dans	dans	dans	dans	dans	dans	dans	dans
	le	le	le	le	le	le	le	le	le	le	le	le
	mouvement	mouvement	mouvement	mouvement	mouvement	mouvement	mouvement	mouvement	mouvement	mouvement	mouvement	mouvement
	perpétuel	perpétuel	perpétuel	perpétuel	perpétuel	perpétuel	perpétuel	perpétuel	perpétuel	perpétuel	perpétuel	perpétuel
	de	de	de	de	de	de	de	de	de	de	de	de
	la	la	la	la	la	la	la	la	la	la	la	la
	mer	mer	mer	mer	mer	mer	mer	mer	mer	mer	mer	mer
	et	et	et	et	et	et	et	et	et	et	et	et
	dans	dans	dans	dans	dans	dans	dans	dans	dans	dans	dans	dans
	la	la	la	la	la	la	la	la	la	la	la	la
	fuite	fuite	fuite	fuite	fuite	fuite	fuite	fuite	fuite	fuite	fuite	fuite
	perpétuelle	perpétuelle	perpétuelle	perpétuelle	perpétuelle	perpétuelle	perpétuelle	perpétuelle	perpétuelle	perpétuelle	perpétuelle	perpétuelle
	du	du	du	du	du	du	du	du	du	du	du	du
	vent.	vent.	vent.	vent.	vent.	vent.	vent.	vent.	vent.	vent.	vent.	vent.
	Que	Que	Que	Que	Que	Que	Que	Que	Que	Que	Que	Que
	devient	devient	devient	devient	devient	devient	devient	devient	devient	devient	devient	devient
	alors	alors	alors	alors	alors	alors	alors	alors	alors	alors	alors	alors
	le	le	le	le	le	le	le	le	le	le	le	le
	temps,	temps,	temps,	temps,	temps,	temps,	temps,	temps,	temps,	temps,	temps,	temps,
	si	si	si	si	si	si	si	si	si	si	si	si
	ce	ce	ce	ce	ce	ce	ce	ce	ce	ce	ce	ce
	n'est	n'est	n'est	n'est	n'est	n'est	n'est	n'est	n'est	n'est	n'est	n'est
	une	une	une	une	une	une	une	une	une	une	une	une
	consolation	consolation	consolation	consolation	consolation	consolation	consolation	consolation	consolation	consolation	consolation	consolation
	pour	pour	pour	pour	pour	pour	pour	pour	pour	pour	pour	pour
	le	le	le	le	le	le	le	le	le	le	le	le
	fait	fait	fait	fait	fait	fait	fait	fait	fait	fait	fait	fait
	que	que	que	que	que	que	que	que	que	que	que	que
	rien	rien	rien	rien	rien	rien	rien	rien	rien	rien	rien	rien
	de	de	de	de	de	de	de	de	de	de	de	de
	ce	ce	ce	ce	ce	ce	ce	ce	ce	ce	ce	ce
	qui	qui	qui	qui	qui	qui	qui	qui	qui	qui	qui	qui
	est	est	est	est	est	est	est	est	est	est	est	est
	humain	humain	humain	humain	humain	humain	humain	humain	humain	humain	humain	humain
	ne	ne	ne	ne	ne	ne	ne	ne	ne	ne	ne	ne
	dure,	dure,	dure,	dure,	dure,	dure;	dure,	dure,	dure	dure	dure,	dure,
	et	et	et	et	et	et	et	et	- et	- et	et	et
	quelle	quelle	quelle	quelle	quelle	quelle	quelle	quelle	quelle	quelle	quelle	quelle
	misérable	misérable	misérable	misérable	misérable	misérable	misérable	misérable	misérable	misérable	misérable	misérable
	consolation,	consolation	consolation	consolation	consolation,	consolation,	consolation	consolation,	consolation,	consolation,	consolation	consolation,
	qui	qui	qui	qui	qui	qui	qui	qui	qui	qui	qui	qui
	n'enrichit	n'enrichit	n'enrichit	n'enrichit	n'enrichit	n'enrichit	n'enrichit	n'enrichit	n'enrichi	n'enrichi	n'enrichit	n'enrichit
	que	que	que	que	que	que	que	que	que	que	que	que
	les	les	les	les	les	les	les	les	les	les	les	les
	Suisses!	Suisses!	Suisses!	Suisses!	Suisses!	Suisses!	Suisses!	Suisses!	Suisses!	Suisses!	Suisses!	Suisses!
	Je	Je	Je	Je	Je	Je	Je	Je	Je	Je	Je	Je
	peux	peux	peux	peux	peux	peux	peux	peux	peux	peux	peux	peux
	rester	rester	rester	rester	rester	rester	rester	rester	rester	rester	rester	rester
	assis	assis	assis	assis	assis	assis	assis	assis	assis	assis	assis	assis
	devant	devant	devant	devant	devant	devant	devant	devant	devant	devant	devant	devant
	un	un	un	un	un	un	un	un	un	un	un	un
	feu	feu	feu	feu	feu	feu	feu	feu	feu	feu	feu	feu
	dans	dans	dans	dans	dans	dans	dans	dans	dans	dans	dans	dans
	la	la	la	la	la	la	la	la	la	la	la	la
	pièce	pièce	pièce	pièce	pièce	pièce	pièce	pièce	pièce	pièce	pièce	pièce
	la	la	la	la	la	la	la	la	la	la	la	la
	moins	moins	moins	moins	moins	moins	moins	moins	moins	moins	moins	moins
	exposée	exposée	exposée	exposée	exposée	exposée	exposée	exposée	exposée	exposée	exposée	exposée
	de	de	de	de	de	de	de	de	de	de	de	de
	toutes	toutes	toutes	toutes	toutes	toutes	toutes	toutes	toutes	toutes	toutes	toutes
	au	au	au	au	au	au	au	au	au	au	au	au
	danger	danger	danger	danger	danger	danger	danger	danger	danger	danger	danger	danger
	et	et	et	et	et	et	et	et	et	et	et	et
	sentir	sentir	sentir	sentir	sentir	sentir	sentir	sentir	sentir	sentir	sentir	sentir
	soudain	soudain	soudain	soudain	soudain	soudain	soudain	soudain	soudain	soudain	soudain	soudain
	la	la	la	la	la	la	la	la	la	la	la	la
	mort	mort	mort	mort	mort	mort	mort	mort	mort	mort	mort	mort
	me	me	me	me	me	me	me	me	me	me	me	me
	cerner.	cerner.	cerner.	cerner.	cerner.	cerner.	cerner.	cerner.	cerner.	cerner.	cerner.	cerner.
	Elle	Elle	Elle	Elle	Elle	Elle	Elle	Elle	Elle	Elle	Elle	Elle
	se	se	se	se	se	se	se	se	se	se	se	se
	trouve	trouve	trouve	trouve	trouve	trouve	trouve	trouve	trouve	trouve	trouve	trouve
	dans	dans	dans	dans	dans	dans	dans	dans	dans	dans	dans	dans
	le	le	le	le	le	le	le	le	le	le	le	le
	feu,	feu,	feu,	feu,	feu,	feu,	feu,	feu,	feu,	feu,	feu,	feu,
	dans	dans	dans	dans	dans	dans	dans	dans	dans	dans	dans	dans
	tous	tous	tous	tous	tous	tous	tous	tous	tous	tous	tous	tous
	les	les	les	les	les	les	les	les	les	les	les	les
	objets	objets	objets	objets	objets	objets	objets	objets	objets	objets	objets	objets
	pointus	pointus	pointus	pointus	pointus	pointus	pointus	pointus	pointus	pointus	pointus	pointus
	qui	qui	qui	qui	qui	qui	qui	qui	qui	qui	qui	qui
	m'entourent,	m'entourent,	m'entourent,	m'entourent,	m'entourent,	m'entourent,	m'entourent,	m'entourent,	m'entourent,	m'entourent,	m'entourent,	m'entourent,
	dans	dans	dans	dans	dans	dans	dans	dans	dans	dans	dans	dans
	le	le	le	le	le	le	le	le	le	le	le	le
	poids	poids	poids	poids	poids	poids	poids	poids	poids	poids	poids	poids
	du	du	du	du	du	du	du	du	du	du	du	du
	toit	toit	toit	toit	toit	toit	toit	toit	toit	toit	toit	toit
	et	et	et	et	et	et	et	et	et	et	et	et
	dans	dans	dans	dans	dans	dans	dans	dans	dans	dans	dans	dans
	la	la	la	la	la	la	la	la	la	la	la	la
	masse	masse	masse	masse	masse	masse	masse	masse	masse	masse	masse	masse
	des	des	des	des	des	des	des	des	des	des	des	des
	murs,	murs.	murs.	murs.	murs,	murs;	murs.	murs,	murs,	murs,	murs.	murs,
	elle	Elle	Elle	Elle	elle	elle	Elle	elle	elle	elle	Elle	elle
	se	se	se	se	se	se	se	se	se	se	se	se
	trouve	trouve	trouve	trouve	trouve	trouve	trouve	trouve	trouve	trouve	trouve	trouve
	dans	dans	dans	dans	dans	dans	dans	dans	dans	dans	dans	dans
	l'eau,	l'eau,	l'eau,	l'eau,	l'eau,	l'eau,	l'eau,	l'eau,	l'eau,	l'eau,	l'eau,	l'eau,
	dans	dans	dans	dans	dans	dans	dans	dans	dans	dans	dans	
	la	la	la		la	la	la	la	la	la	la	
	neige,	neige,	neige,		neige,	neige,	neige,	neige,	neige,	neige,	neige,	
	dans	dans	dans		dans	dans	dans	dans	dans	dans	dans	
	la	la	la	la	la	la	la	la	la	la	la	
	chaleur	chaleur	chaleur	chaleur	chaleur	chaleur	chaleur	chaleur	chaleur	chaleur	chaleur	
	et	et	et	et	et	et	et	et	et	et	et	et
	dans	dans	dans	dans	dans	dans	dans	dans	dans	dans	dans	dans
	mon	mon	mon	mon	mon	mon	mon	mon	mon	mon	mon	mon
	sang.	sang.	sang.	sang.	sang.	sang.	sang.	sang.	sang.	sang.	sang.	sang.
	Que	Que	Que	Que	Que	Que	Que	Que	Que	Que	Que	Que
	devient	devient	devient	devient	devient	devient	devient	devient	devient	devient	devient	devient
	alors	alors	alors	alors	alors	alors	alors	alors	alors	alors	alors	alors
	le	le	le	le	le	le	le	le	le	le	le	le
	sentiment	sentiment	sentiment	sentiment	sentiment	sentiment	sentiment	sentiment	sentiment	sentiment	sentiment	sentiment
	humain	humain	humain		humain	humain	humain	humain	humain	humain	humain	humain
	de	de	de	de	de	de	de	de	de	de	de	de
	sécurité	sécurité	sécurité	sécurité	sécurité	sécurité,	sécurité	sécurité	sécurité	sécurité	sécurité	sécurité,
	si	si	si	si	si	si	si	si	si	si	si	si
	ce	ce	ce	ce	ce	ce	ce	ce	ce	ce	ce	ce
	n'est	n'est	n'est	n'est	n'est	n'est	n'est	n'est	n'est	n'est	n'est	n'est
					alors							
	une	une	une	une	une	une	une	une	une	une	une	une
	consolation	consolation	consolation	consolation	consolation	consolation	consolation	consolation	consolation	consolation	consolation	consolation
	pour	pour	pour	pour	pour	pour	pour	pour	pour	pour	pour	pour
	le	le	le	le	le	le	le	le	le	le	le	le
	fait	fait	fait	fait	fait	fait	fait	fait	fait	fait	fait	fait
	que	que	que	que	que	que	que	que	que	que	que	que
	la	la	la	la	la	la	la	la	la	la	la	la
	mort	mort	mort	mort	mort	mort	mort	mort	mort	mort	mort	mort
	est	est	est	est	est	est	est	est	est	est	est	est
	ce	ce	ce	ce	ce	ce	ce	ce	ce	ce	ce	ce
	qu'il	qu'il	qu'il	qu'il	qu'il	qu'il	qu'il	qu'il	qu'il	qu'il	qu'il	qu'il
	y	y	y	y	y	y	y	y	y	y	y	y
	a	a	a	a	a	a	a	a	a	a	a	a
	de	de	de	de	de	de	de	de/le (?)	le	le	de	de
	plus	plus	plus	plus	plus	plus	plus	plus	plus	plus	plus	plus
	proche	proche	proche	proche	proche	proche	proche	proche	proche	proche	proche	proche
	dans	de	de	de	de	dans	de	de	de	de	de	de
	la	la	la	la	la	la	la	la	la	la	la	la
	vie,	vie,	vie,	vie,	vie,	vie,	vie,	vie,	vie	vie	vie,	vie,
	et	et	et	et	et	et	et	et	- et	- et	et	et
	quelle	quelle	quelle	quelle	quelle	quelle	quelle	quelle	quelle	quelle	quelle	quelle
	misérable	misérable	misérable	misérable	misérable	misérable	misérable	misérable	misérable	misérable	misérable	misérable
	consolation,	consolation,	consolation,	consolation,	consolation,	consolation,	consolation,	consolation,	consolation,	consolation,	consolation,	consolation,
	qui	qui	qui	qui	qui	qui	qui	qui	qui	qui	qui	qui
	ne	ne	ne	ne	ne	ne	ne	ne	ne	ne	ne	ne
	fait	fait	fait	fait	fait	fait	fait	fait	fait	fait	fait	fait
	que	que	que	que	que	que	que	que	que	que	que	que
	nous	nous	nous	nous	nous	nous	nous	nous	nous	nous	nous	nous
	rappeler	rappeler	rappeler	rappeler	rappeler	rappeler	rappeler	rappeler	rappeler	rappeler	rappeler	rappeler
	ce	ce	ce	ce	ce	ce	ce	ce	ce	ce	ce	ce
	qu'elle	qu'elle	qu'elle	qu'elle	qu'elle	qu'elle	qu'elle	qu'elle	qu'elle	qu'elle	qu'elle	qu'elle
	veut	veut	veut	veut	veut	veut	veut	veut	veut	veut	veut	veut
	nous	nous	nous	nous	nous	nous	nous	nous	nous	nous	nous	nous
	faire	faire	faire	faire	faire	faire	faire	faire	faire	faire	faire	faire
	oublier!	oublier!	oublier!	oublier!	oublier!	oublier!	oublier!	oublier!	oublier!	oublier!	oublier!	oublier!
	Je	Je	Je	Je	Je	Je	Je	Je	Je	Je	Je	Je
	peux	peux	peux	peux	peux	peux	peux	peux	peux	peux	peux	peux
	remplir	remplir	remplir	remplir	remplir	remplir	remplir	remplir	remplir	remplir	remplir	remplir
	toutes	toutes	toutes	toutes	toutes	toutes		toutes	toutes	toutes	toutes	toutes
	mes	mes	mes	mes	mes	les	mes	mes	mes	mes	mes	mes
	pages	pages	pages	pages	pages	pages	pages	pages	pages	pages	pages	pages
	blanches	blanches	blanches	blanches	blanches	blanches	blanches	blanches	blanches	blanches	blanches	blanches
	avec	avec	avec	avec	avec	avec	avec	avec	avec	avec	avec	avec
	les	les	les	les	les	les	les	les	les	les	les	les
	plus	plus	plus	plus	plus	plus	plus	plus	plus	plus	plus	plus
	belles	belles	belles	belles	belles	belles	belles	belles	belles	belles	belles	belles
	combinaisons	combinaisons	combinaisons	combinaisons	combinaisons	combinaisons	combinaisons	combinaisons	combinaisons	combinaisons	combinaisons	combinaisons
	de	de	de	de	de	de	de	de	de	de	de	de
	mots	mots	mots	mots	mots	mots	mots	mots	mots	mots	mots	mots
	que	que	que	que	que	que	que	que	que	que	que	que
	puisse	puisse	puisse	puisse	puisse	puisse	puisse	puisse	puisse	puisse	puisse	puisse
	s'imaginer	s'imaginer	s'imaginer	s'imaginer	s'imaginer	imaginer	s'imaginer	s'imaginer	s'imaginer	s'imaginer	s'imaginer	s'imaginer
	mon	mon	mon	mon	mon	mon	mon	mon	mon	mon	mon	mon
	cerveau.	cerveau.	cerveau.	cerveau.	cerveau.	cerveau.	cerveau.	cerveau.	cerveau.	cerveau.	cerveau.	cerveau.
	Etant	Etant	Etant	Etant	Etant	Etant	Etant	Etant	Etant	Etant	Etant	Etant
	donné	donné	donné	donné	donné	donné	donné	donné	donné	donné	donné	donné
	que	que	que	que	que	que	que	que	que	que	que	que
	je	je	je	je	je	je	je	je	je	je	je	je
	cherche	cherche	cherche	cherche	cherche	cherche	cherche	cherche	cherche	cherche	cherche	cherche
	à	à	à	à	à	à	à	à	à	à	à	à
	m'assurer	m'assurer	m'assurer	m'assurer	m'assurer	m'assurer	m'assurer	m'assurer	m'assurer	m'assurer	m'assurer	m'assurer
	que	que	que	que	que	que	que	que	que	que	que	que
	ma	ma	ma	ma	ma	ma	ma	ma	ma	ma	ma	ma
	vie	vie	vie	vie	vie	vie	vie	vie	vie	vie	vie	vie
	n'est	n'est	n'est	n'est	n'est	n'est	n'est	n'est	n'est	n'est	n'est	n'est
	pas	pas	pas	pas	pas	pas	pas	pas	pas	pas	pas	pas
	absurde	absurde	absurde	absurde	absurde	absurde	absurde	absurde	absurde	absurde	absurde	absurde
	et	et	et	et	et	et	et	et	et	et	et	et
	que	que	que	que	que	que	que	que	que	que	que	que
	je	je	je	je	je	je	je	je	je	je	je	je
	ne	ne	ne	ne	ne	ne	ne	ne	ne	ne	ne	ne
	suis	suis	suis	suis	suis	suis	suis	suis	suis	suis	suis	suis
	pas	pas	pas	pas	pas	pas	pas	pas	pas	pas	pas	pas
	seul	seule	seule	seule	seule	seul	seule	seule	seule	seule	seule	seul
	sur	sur	sur	sur	sur	sur	sur	sur	sur	sur	sur	sur
	la	la	la	la	la	la	la	la	la	la	la	la
	terre,	terre,	terre,	terre,	terre,	terre,	terre,	terre,	terre,	terre,	terre,	terre,
	je	je	je	je	je	je	je	je	je	je	je	je
	rassemble	rassemble	rassemble	rassemble	rassemble	rassemble	rassemble	rassemble	rassemble	rassemble	rassemble	rassemble
	tous	tous	tous	tous	tous	tous	tous	tous	tous	tous	tous	tous
	ces	ces	ces	ces	ces	ces	ces	ces	ces	ces	ces	ces
	mots	mots	mots	mots	mots	mots	mots	mots	mots	mots	mots	mots
	en	en	en	en	en	en	en	en	en	en	en	en
	un	un	un	un	un	un	un	un	un	un	un	un
	livre	livre	livre	livre	livre	livre	livre	livre	livre	livre	livre	livre
	et	et	et	et	et	et	et	et	et	et	et	et
	je	je	je	je	je	je	je	je	je	je	je	je
	l'offre	l'offre	l'offre	l'offre	l'offre	l'offre	l'offre	l'offre	l'offre	l'offre	l'offre	l'offre
	au	au	au	au	au	au	au	au	au	au	au	au
	monde.	monde.	monde.	monde.	monde.	monde.	monde.	monde.	monde.	monde.	monde.	monde.
	En	En		En	En	En	En	En	En	En	En	En
	retour,	retour,		retour,	retour,	retour,	retour,	retour,	retour,	retour,	retour,	retour,
	celui-ci	celui-ci		celui-ci	celui-ci	celui-ci	celui-ci	celui-ci	celui-ci	celui-ci	celui-ci	celui-ci
	me	me		me	me	me	me	me	me	me	me	me
	donne	donne		donne	donne	donne	donne	donne	donne	donne	donne	donne
	la	la		la	la	la	la	la	la	la	la	la
	richesse,	richesse,		richesse,	richesse,	richesse,	richesse,	richesse,	richesse,	richesse,	richesse,	richesse,
	la	la		la	la	la	la	la	la	la	la	la
	gloire	gloire		gloire	gloire	gloire	gloire	gloire	gloire	gloire	gloire	gloire
	et	et		et	et	et	et	et	et	et	et	et
	le	le		le	le	le	le	le	le	le	le	le
	silence.	silence.		silence.	silence.	silence.	silence.	silence.	silence.	silence.	silence.	silence.
	Mais	Mais		Mais	Mais	Mais	Mais	Mais	Mais	Mais	Mais	Mais
	que	que		que	que	que	que	que	que	que	que	que
	puis-je	puis-je		puis-je	puis-je	puis-je	puis-je	puis-je	puis-je	puis-je	puis-je	puis-je
	bien	bien		bien	bien	bien	bien	bien	bien	bien	bien	bien
	faire	faire		faire	faire	faire	faire	faire	faire	faire	faire	faire
	de	de		de	de	de	de	de	de	de	de	de
	cet	cet		cet	cet	cet	cet	cet	cet	cet	cet	cet
	argent	argent		argent	argent	argent	argent	argent	argent	argent	argent	argent
	et	et		et	et	et	et	et	et	et	et	et
	quel	quel		quel	quel	quel	quel	quel	quel	quel	quel	quel
	plaisir	plaisir		plaisir	plaisir	plaisir	plaisir	plaisir	plaisir	plaisir	plaisir	plaisir
	puis-je	puis-je		puis-je	puis-je	puis-je	puis-je	puis-je	puis-je	puis-je	puis-je	puis-je
	prendre	prendre		prendre	prendre	prendre	prendre	prendre	prendre	prendre	prendre	prendre
	à	à		à	à	à	à	à	à	à	à	à
	contribuer	contribuer		contribuer	contribuer	contribuer	contribuer	contribuer	contribuer	contribuer	contribuer	contribuer
	au	au		au	au	au	au	au	au	au	au	au
	progrès	progrès		progrès	progrès	progrès	progrès	progrès	progrès	progrès	progrès	progrès
	de	de		de	de	de	de	de	de	de	de	de
	la	la		la	la	la	la	la	la	la	la	la
	littérature,	littérature,		littérature,	littérature,	littérature,	littérature,	littérature,	littérature	littérature	littérature,	littérature,
	je	je		je	je	je	je	je	- je	- je	je	je
	ne	ne		ne	ne	ne	ne	ne	ne	ne	ne	ne
	désire	désire		désire	désire	désire	désire	désire	désire	désire	désire	désire
	que	que		que	que	que	que	que	que	que	que	que
	ce	ce		ce	ce	ce	ce	ce	ce	ce	ce	ce
	que	que		que	que	que	que	que	que	que	que	que
	je	je		je	je	je	je	je	je	je	je	je
	n'aurai	n'aurai		n'aurai	n'aurai	n'aurai	n'aurai	n'aurai	n'aurai	n'aurai	n'aurai	n'aurai
	pas:	pas:		pas:	pas:	pas:	pas:	pas:	pas:	pas:	pas:	pas:
						la						
	confirmation	confirmation		confirmation	confirmation	confirmation	confirmation	confirmation	confirmation	confirmation	confirmation	confirmation
		de		de	de		de	de	de	de	de	
		ce		ce	ce		ce	ce	ce	ce	ce	
	que	que		que	que	que	que	que	que	que	que	que
	mes	mes		mes	mes	mes	mes	mes	mes	mes	mes	mes
	mots	mots		mots	mots	mots	mots	mots	mots	mots	mots	mots
	ont	ont		ont	ont	ont	ont	ont	ont	ont	ont	ont
	touché	touché		touché	touché	touché	touché	touché	touché	touché	touché	touché
	le	le		le	le	le	le	le	le	le	le	le
	c½ur	c½ur		c½ur	c½ur	c½ur	c½ur	c½ur	c½ur	c½ur	c½ur	c½ur
	du	du		du	du	du	du	du	du	du	du	du
	monde.	monde.		monde.	monde.	monde.	monde.	monde.	monde.	monde.	monde.	monde.
	Que	Que	Que	Que	Que	Que	Que	Que	Que	Que	Que	Que
	devient	devient	devient	devient	devient	devient	devient	devient	devient	devient	devient	devient
	alors	alors	alors	alors	alors	alors	alors	alors	alors	alors	alors	alors
	mon	mon	mon	mon	mon	mon	mon	mon	mon	mon	mon	mon
	talent	talent	talent	talent	talent	talent	talent	talent	talent	talent	talent	talent,
	si	si	si	si	si	si	si	si	si	si	si	si
	ce	ce	ce	ce	ce	ce	ce	ce	ce	ce	ce	ce
	n'est	n'est	n'est	n'est	n'est	n'est	n'est	n'est	n'est	n'est	n'est	n'est
							pas					
	une	une	une	une	une	une	une	une	une	une	une	une
	consolation	consolation	consolation	consolation	consolation	consolation	consolation	consolation	consolation	consolation	consolation	consolation
	pour	pour	pour	pour	pour	pour	pour	pour	pour	pour	pour	pour
	le	le	le	le	le	le	le	le	le	le	le	le
	fait	fait	fait	fait	fait	fait	fait	fait	fait	fait	fait	fait
	que	que	que	que	que	que	que	que	que	que	que	que
	je	je	je	je	je	je	je	je	je	je	je	je
	suis	suis	suis	suis	suis	suis	suis	suis	suis	suis	suis	suis
	seul,	seule,	seule,	seule,	seule,	seul,	seule,	seule,	seule	seule	seule,	seul,
	mais	mais	mais	mais	mais	mais	mais	mais	- mais	- mais	mais	mais
	quelle	quelle	quelle	quelle	quelle	quel	quelle	quelle	quelle	quelle	quelle	quelle
	épouvantable	épouvantable	épouvantable	épouvantable	épouvantable	épouvantable	épouvantable	épouvantable	épouvantable	épouvantable	épouvantable	épouvantable
	consolation,	consolation	consolation	consolation	consolation,	consolation,	consolation	consolation,	consolation,	consolation,	consolation	consolation,
	qui	qui	qui	qui	qui	qui	qui	qui	qui	qui	qui	qui
	me	me	me	me	me	me	me	me	me	me	me	me
	fait	fait	fait	fait	fait	fait	fait	fait	fait	fait	fait	fait
	simplement	simplement	simplement	simplement	simplement	simplement	simplement	simplement	simplement	simplement	simplement	simplement
	ressentir	ressentir	ressentir	ressentir	ressentir	ressentir	ressentir	ressentir	ressentir	ressentir	ressentir	ressentir
	ma	ma	ma	ma	ma	ma	ma	ma	ma	ma	ma	ma
	solitude	solitude	solitude	solitude	solitude	solitude	solitude	solitude	solitude	solitude	solitude	solitude
	cinq	cinq	cinq	cinq	cinq	cinq	cinq	cinq	cinq	cinq	cinq	cinq
	fois	fois	fois	fois	fois	fois	fois	fois	fois	fois	fois	fois
	plus	plus	plus	plus	plus	plus	plus	plus	plus	plus	plus	plus
	fort!	fort!	fort!	fort!	fort!	fort!	fort!	fort!	fort!	fort!	fort!	fort!
	Je	Je	Je	Je	Je	Je	Je	Je	Je	Je	Je	Je
	peux	peux	peux	peux	peux	peux	peux	peux	peux	peux	peux	peux
	voir	voir	voir	voir	voir	voir	voir	voir	voir	voir	voir	voir
	la	la	la	la	la	la	la	la	la	la	la	la
	liberté	liberté	liberté	liberté	liberté	liberté	liberté	liberté	liberté	liberté	liberté	liberté
	incarnée	incarnée	incarnée	incarnée	incarnée	incarnée	incarnée	incarnée	incarnée	incarnée	incarnée	incarnée
	dans	dans	dans	dans	dans	dans	dans	dans	dans	dans	dans	dans
	un	un	un	un	un	un	un	un	un	un	un	un
	animal	animal	animal	animal	animal	animal	animal	animal	animal	animal	animal	animal
	qui	qui	qui	qui	qui	qui	qui	qui	qui	qui	qui	qui
	traverse	traverse	traverse	traverse	traverse	traverse	traverse	traverse	traverse	traverse	traverse	traverse
		rapidement	rapidement	rapidement	rapidement		rapidement	rapidement	rapidement	rapidement	rapidement	
	une	une	une	une	une	une	une	une	une	une	une	une
	clairière	clairière	clairière	clairière	clairière	clairière	clairière	clairière	cl*rière	clairière	clairière	clairière
	et	et	et	et	et	et	et	et	et	et	et	et
	entendre	entendre	entendre	entendre	entendre	entendre	entendre	entendre	entendre	entendre	entendre	entendre
	une	une	une	une	une	une	une	une	une	une	une	une
	voix	voix	voix	voix	voix	voix	voix	voix	voix	voix	voix	voix
	qui	qui	qui	qui	qui	qui	qui	qui	qui	qui	qui	qui
	chuchote:	chuchote:	chuchote:	chuchote:	chuchote:	chuchote:	chuchote:	chuchote:	chuchote:	chuchote:	chuchote:	chuchote:
	"Vis	Vis	Vis	Vis	Vis	"Vis	Vis	Vis	Vis	Vis	Vis	"Vis
	simplement,	simplement,	simplement,	simplement,	simplement,	simplement,	simplement,	simplement,	simplement,	simplement,	simplement,	simplement,
	prends	prends	prends	prends	prends	prends	prends	prends	prends	prends	prends	prends
	ce	ce	ce	ce	ce	ce	ce	ce	ce	ce	ce	ce
	que	que	que	que	que	que	que	que	que	que	que	que
	tu	tu	tu	tu	tu	tu	tu	tu	tu	tu	tu	tu
	désires	désires	désires	désires	désires	désires	désires	désires	désires	désires	désires	désires
	et	et	et	et	et	et	et	et	et	et	et	et
	n'aie	n'aie	n'aie	n'aie	n'aie	n'aie	n'ai	n'aie	n'aies	n'aie	n'aie	n'aie
	pas	pas	pas	pas	pas	pas	pas	pas	pas	pas	pas	pas
	peur	peur	peur	peur	peur	peur	peur	peur	peur	peur	peur	peur
		pour	pour				pour				pour	
	des	les	les	des	des	des	les	des	des	des	les	des
	lois!"	lois!	lois!	lois!	lois!	lois!"	lois!	lois!	lois!	lois!	lois!	lois!".
	Mais	Mais	Mais	Mais	Mais	Mais	Mais	Mais	Mais	Mais	Mais	Mais
	qu'est-ce	qu'est-ce	qu'est-ce	qu'est-ce	qu'est-ce	qu'est-ce	qu'est-ce	qu'est-ce	qu'est-ce	qu'est-ce	qu'est-ce	qu'est-ce
	que	que	que	que	que	que	que	que	que	que	que	que
	ce	ce	ce	ce	ce	ce	ce	ce	ce	ce	ce	ce
	bon	bon	bon	bon	bon	bon	bon	bon	bon	bon	bon	bon
	conseil	conseil	conseil	conseil	conseil	conseil	conseil	conseil	conseil	conseil	conseil	conseil,
	si	si	si	si	si	si	si	si	si	si	si	si
	ce	ce	ce	ce	ce	ce	ce	ce	ce	ce	ce	ce
	n'est	n'est	n'est	n'est	n'est	n'est	n'est	n'est	n'est	n'est	n'est	n'est
	une	une	une	une	une	une	une	une	une	une	une	une
	consolation	consolation	consolation	consolation	consolation	consolation	consolation	consolation	consolation	consolation	consolation	consolation
	pour	pour	pour	pour	pour	pour	pour	pour	pour	pour	pour	pour
	le	le	le	le	le	le	le	le	le	le	le	le
	fait	fait	fait	fait	fait	fait	fait	fait	fait	fait	fait	fait
	que	que	que	que	que	que	que	que	que	que	que	que
	la	la	la	la	la	la	la	la	la	la	la	la
	liberté	liberté	liberté	liberté	liberté	liberté	liberté	liberté	liberté	liberté	liberté	liberté
	n'existe	n'existe	n'existe	n'existe	n'existe	n'existe	n'existe	n'existe	n'existe	n'existe	n'existe	n'existe
	pas,	pas	pas	pas	pas	pas,	pas	pas	pas	pas	pas	pas,
	et	et	et	et	- et	et	et	- et	- et	- et	et	et
	quelle	quelle	quelle	quelle	quelle	quelle	quelle	quelle	quelle	quelle	quelle	quelle
	impitoyable	impitoyable	impitoyable	impitoyable	impitoyable	impitoyable	impitoyable	impitoyable	impitoyable	impitoyable	impitoyable	impitoyable
	consolation	consolation	consolation	consolation	consolation	consolation	consolation	consolation	consolation	consolation	consolation	consolation
	pour	pour	pour	pour	pour	pour	pour	pour	pour	pour	pour	pour
	celui	celui	celui	celui	celui	celui	celui	celui	celui	celui	celui	celui
	qui	qui	qui	qui	qui	qui	qui	qui	qui	qui	qui	qui
	s'avise	s'avise	s'avise	s'avise	s'avise	s'avise	s'avise	s'avise	s'avise	s'avise	s'avise	s'avise
	que	que	que	que	que	que	que	que	que	que	que	que
	le	l'être	l'être	l'être	l'être	le	l'être	l'être	l'être	l'être	l'être	l'être
	lézard	humain	humain	humain	humain	lézard	humain	humain	humain	humain	humain	humain
	doit	doit	doit	doit	doit	doit	doit	doit	doit	doit	doit	doit
	mettre	mettre	mettre	mettre	mettre	mettre	mettre	mettre	mettre	mettre	mettre	mettre
	des	des	des	des	des	des	des	des	des	des	des	des
	millions	millions	millions	millions	millions	millions	millions	millions	millions	millions	millions	millions
	d'années	d'années	d'années	d'années	d'années	d'années	d'années	d'années	d'années	d'années	d'années	d'années
	pour	pour	pour	pour	pour	pour	pour	pour	pour	pour	pour	pour
	devenir	devenir	devenir	devenir	devenir	devenir	devenir	devenir	devenir	devenir	devenir	devenir
	un	un	un	un	un	un	un	un	un	un	un	un
	être	lézard!	lézard!	lézard.	lézard.	être	lézard!	lézard!	lézard!	lézard!	lézard!	lézard!
	humain!					humain!						
