p1	p2	p3	p4	p5	p6	p7	p8	p9	p10	p11	p12	p13	p14	p15	p16
If	If	If	If	If	If	If	If	If	If	If	If	If	If	If	If
vaccilation	vacillation	vacillation	vaccilation	vacillation	vacillation	vacillation	vacillation	vacillation	vacillation	vacillation	vacillation	vacillation	vacillation	vacillation	vacillation
dwell	dwell	dwell	dwell	dwell	dwell	dwell	dwell	dwell	dwell	dwell	dwell	dwell	dwell	dwell	dwell
with	with	with	with	with	within	with	with	with	with	with	with	with	with	with	with
the	the	the	the	the	the	the	the	the	the	the	the	the	the	the	the
heart,	heart	heat	heart,	heart	heart	heat	heart	heat	heart	heart	heart	heart	heart	heart	heart
		of													
the	the	the	the	the	the	the	the	the	the	the	the	the	the	the	the
soul	soul	soul	soul	soul	soul	soul	soul	soul	soul	soul	soul	soul	soul	soul	soul
will	will	will	will	will	will	will	will	will	will	will	will	will	will	will	will
see	rue	rue	see	use	rue	rue	rue	rue	rue	rue	rue	rue	rue	rue	rue
it.	it.	it.	it.	it.	it.	it.	it.	it.	it.	it.	it.	it.	it.	it.	it.
Shame	Shame	Shame	Shame	Shame	Shame	Shame	Shame	Shame	Shame	Shame	Shame	Shame	Shame	Shame	Shame
and	and	and	and	and	and	and	and	and	and	and	and	and	and	and	and
honour	honour	honour	honour	horror	honour	honour	honour	honour	honour	honour	honour	honour	honour	honour	honour
clash	clash	dash	clash	clash	clash	dash	clash	clash	clash	clash	clas	clas	clash	clash	clash
with	where	where	with	where	where	where	where	where	where	where	where	where	where	where	where
the	the	the	the	the	the	the	the	the	the	the	the	the	the	the	the
courage	courage	courage	courage	courage	courage	courage	courage	courage	courage	courage	carage	courage	courage	courage	courage
of	of	of	of	of	of	of	of	of	of	of	of	of	of	of	of
a	a	a	a		a	a	a	a		a	a	a	a	a	a
steadfast	steadfast	steadfast	steadfast	steadfast	steadfast	steadfast	steadfast	steadfast	steadfast	steadfast	steadfast	steadfast	steadfast	steadfast	steadfast.
man	man	man	man	man	man	man	man	man	man	man	man	man	man	man	man
is	is	is	is	is	is	is	is	is	is	is	is	is	is	is	is
motley	motley	motle	motley	motley	motley	motlely	motley	motlely	motley	motley	motley	motley	motley	motley	motley
like	like	like	like	like	like	like	like	like	like	like	like	like	like	like	like
a	the	the	the	the	the	the	the	the	the	the	the	the	the	the	the
magpie.	magpie.	magpie.	magpie.	magpie.	magpie.	magpie.	magpie.	magpie.	magpie.	magpie.	magpie.	magpie.	magpie.	magpie.	magpie.
But	But	But	But	But	But	But	But	But	But	But	But	But	But	But	But
such	such	such	such	such	such	such	such	such	such	such	such	such	such	such	such
a	a	a	a	a	a	a	a	a	a	a	a	a	a	a	a
man	man	man	man	man	man	man	man	man	man	man	man	man	man	man	man
may	may	may	may	may	may	may	may	may	may	may	may	may	may	may	may
yet	yet	yet	yet	yet	yet	yet	yet	yet	yet	yet	yet	yet	yet	yet	yet
make	make	make	make	make	make	make	make	make	wake	make	make	make	make	make	make
merry,	merry,	merry,	merry,	merry,	merry	merry,	merry,	merry,	merry,	merry,	merry,	merry,	merry	merry,	merry,
for	for	for	for	for	for	for	for	for	for	for	for	for	for	for	for
Heaven	Heaven	Heaven	Heaven	heaven	heaven	Heaven	heaven	Heaven	heaven	heaven	Heaven	Heaven	heaven	Heaven	Heaven
&	and	and	&	and	and	and	and	and	and	and	and	and	and	and	and
Hell	Hell	Hell	Hell	hell	hell	Hell	hell	Hell	hell	hell	Hell	Hell	hell	Hell	Hell
have	have	have	have	have	have	have	have	have	have	have	have	have	have	have	have
equal	equal	equal	equal	equal	equal	equal	equal	equal	equal	equal	equal	equal	equal	equal	equal
part	part	part	part	part	part	part	part	part	part	part	part	part	part	part	part
in	in	in	in	in	in	in	in	in	in	in	in	in	in	in	in
him.	him.	this.	him.	him.	him.	him.	him.	him.	him.	him.	him.	him.	him.	him.	him.
Infidelity's	Infidelity's	Infidelity's	Infidelity's	Infidelity's	Infidelity's	Infidelity's	Infidelity's	Infidelity's	Infidelity's	Infidelity's	Infidelity's	Infidelity's	Infidelity's	Infidelity's	Infidelity's
friend	friend	friend	friend	friend	friend	friend	freind	friend	friend	freind	friend	friend	friend	friend	friend
is	is	is	is	is	is	is	is	is	is	is	is	is	is	is	is
black	black	black	black	black	black	black	black	black	black	black	black	black	black	black	black
all	all	all	all	all	all	all	all	all	all	all	all	all	all	all	all
over	over	over	over	over	over	over	over	over	over	over	over	over	over	over	over
and	and	and	and	and	and	and	and	and	and	and	and	and	and	and	and
takes	takes	takes	takes	takes	takes	takes	takes	takes	takes	takes	takes	takes	takes	takes	takes
on	on		on	on	on		on	on	on	on	on	on	on	on	on
a	a	a	a	a	a	a	a	a	a	a	a	a	a	a	a
murky	murkey	murky	murky	murky	murky	murky	murky	murky	murky	murky	murky	murky	murky	murky	murky
hue,	hue,	hue,	hue,	hue,	hue,	hue,	hue,	hue,	hue,	hue,	hue,	hue,	hue,	hue,	hue,
while	while	while	while	while	while	while	while	while	while	while	while	while	while	while	while
the	the	the	the	the	the	the	the	the	the	the	the	the	the	the	the
man	man	man	man	man	man	man	man	man	man	man	man	man	man	man	man
of	of	of	of	of	of	of	of	of	of	of	of	of	of	of	of
loyal	loyal	loyal	loyal	loyal	loyal	loyal	loyal	loyal	loyal	loyal	loyal	loyal	loyal	loyal	loyal
temper	temper	temper	temper	temper	temper	temper	temper	temper	temper	temper	temper	temper	temper	temper	temper
holds	holds	holds	holds	holds	holds	holds	holds	holds	holds	holds	holds	holds	holds	hold	holds
to	to	to	to	to	to	to	to	to	to	to	to	to	to	to	to
the	the	the	the	the	the	the	the	the	the	the	the	the	the	the	the
white.	white.	white.	white.	white.	white.	white.	white.	white.	white.	white.	white.	white.	white.	white.	white.
This	This	This	This	This	This	This	This	This	This	This	This	This	This	This	This
winged	winged	winged	winged	winged	winged	winged	winged	winged	winged	winged	winged	winged	winged	winged	winged
companion	comparison	companion	companion	comparison	comparison	companion	comparison	companion	comparison	comparison	comparison	comparison	comparison	comparison	comparison
is	is	is	is	is	is	is	is	is	is	is	is	is	is	is	is
too	too	too	too	too	too	too	too	too	too	too	too	too	too	too	too
swift	swift	swift	swift	swift	swift	swift	swift	swift	swift	swift	swift	swift	swift	swift	swift
for	for	for	for	for	for	for	for	for	for	for	for	for	for	for	for
unripe	unripe	unripe	unripe	unripe	unripe	unripe	unripe	unripe	unripe	unripe	unripe	unripe	unripe	unripe	unripe
wits.	wits.	wits.	wits.	wits.	wits.	wits.	wits.	wits.	wits.	wits.	wits.	wits.	wits.	wits.	wits.
They	They	They	They	They	They	They	They	They	They	They	They	They	They	They	They
lack	lack	lack	lack	lack	lack	lack	lack	lack	lack	lack	lack	lack	lack	lack	lack
the	the	the	the	the	the	the	the	the	the	the	the	the	the	the	the
power	power	power	power	power	power	power	power	power	power	power	power	power	power	power	power
to	to	to	to	to	to	to	to	to	to	to	to	to	to	to	to
grasp	grasp	grasp	grasp	grasp	grasp	grasp	grasp	grasp	grasp	grasp	grasp	grasp	grasp	grasp	grasp
it.	it.	it.	it.	it.	it.	it.	it.	it.	it.	it.	it.	it.	it.	it.	it.
For	For	For	For	For	For	For	For	For	For	For	For	For	For	For	For
it	it	it	it	it	it	it	it	it	it	it	it	it	it	it	it
will	will	will	will	will	will	will	will	will	will	will	will	will	will	will	will
wrench	wrench	wrench	wrench	wrench	wrench	wrench	wrench	wrench	wrench	wrench	wrench	wrench	wrench	wrench	wrench
past	past	past	past	past	past	past	past	past	past	past	past	past	past	past	past
them	them	them	them	them	them	them	them	them	them	them	them	them	them	them	them
like	like	like	like	like	like	like	like	like	like	like	like	like	like	like	like
a	a	a	a	a	a	a	a	a	a	a	a	a	a	a	a
startled	startled	startled	startled	startled	startled	startled	startled	startled	startled	startled	startled	startled	startled	startled	startled
horse!	hare!	horse!	horse!	hare!	hare!	horse!	hare!	horse!	hare!	hare!	hare!	hare!	hare!	hare!	hare!
So	So	So	So	So	So	So	So	So	So	So	So	So	So	So	So
it	it	it	it	it	it	it	it	it	it	it	it	it	it	it	it
is	is	is	is	is	is	is	is	is	is	is	is	is	is	is	is
with	with	with	with	with	with	with	with	with	with	with	with	with	with	with	with
a	a	a	a	a	a	a	a	a	a	a	a	a	a	a	a
dull	dull	dull	dull	dull	dull	dull	dull	dull	dull	dull	dull	dull	dull	dull	dull
mirror	mirror	mirror	mirror	mirror	mirror	mirror	mirror	mirror	mirror	mirror	mirror	mirror	mirror	mirror	mirror
or	or	or	or	or	or	or	or	or	or	or	or	or	or	or	on
a	a	a	a	a	a	a	a	a	a	a	a	a	a	a	a
blind	blind	blind	blind	blind	blind	blind	blind	blind	blind	blind	blind	blind	blind	blind	blind
man's	man's	man's	man's	man's	man's	man's	man's	man's	man's	man's	man's	man's	man's	man's	mans
dream.	dream.	dream.	dream.	dream.	dream.	dream.	dream.	dream	dream.	dream.	dream.	dream.	dream.	dream.	dream.
These	These	These	There	These	These	These	These	These	These	These	These	These	These	These	These
several	reveal	several	several	reveal	several	several	sereal	several	reveal	sireal	reveal	reveal	seaal	reveal	reveal
faces	faces	faces	faces	faces	faces	faces	faces	faces	faces	faces	forces	faces	faces	faces	faces
in	in	in	in	in	in	in	in	in	in	in	in	in	in	in	in
dim	dim	:	dim	dim	dim	dim	dim	dim	dim	dim	dim	dim	dim	dim	dim
outline:	outline		outline:	outline:	outline:	outline:	outline:	outline:	outline:	outline:	outline:	outline:	outline:	outline:	outline.
but	but	but	but	but	but	but	but	but	but	but	but	but	but	but	But
the	the	the	the	the	the	the	the	the	the	the	the	the	the	the	the
dark	dak	dark	dark	dark	dark	dark	dark	dark	dark	dark	dark	dark	dark	dark	dark
image	image	image	image	image	image	image	image	image	image	image	image	image	image	image	image
does	does	does	does	does	does	does	does	does	does	does	does	does	does	does	does
not	not	not	not	not	not	not	not	not	not	not	not	not	not	not	not
abide,	abide,	abide,	abide,	abide,	abide,	abide,	abide,	abide,	abide,	abide,	abide,	abide,	abide,	abide,	abide,
it	it	it	it	it	it	it	it	it	it	it	it	it	it	it	it
gives	gives	gives	gives	gives	gives	gives	gives	gives	gives	gives	gives	gives	gives	gives	gives
but	but	but	but	but	but	but	but	but	but	but	but	but	but	but	but
a	a	a	a	a	a	a	a	a	a	a	a	a	a	a	a
moments	moment's	moment's	moment's	moment's	moment's	moments	moment's	moment's	moments	moment's	moment's	moment's	moment's	moment's	moments
joy.	joy.	joy.	joy.	joy.	joy.	joy.	joy.	joy.	joy.	joy.	joy.	joy.	joy.	joy.	joy.
Who	Who	Who	Who	Who	Who	Who	Who	Who	Who	Who	Who	Who	Who	Who	Who
tweaks	tweaks	tweaks	tweaks	tweaks	tweaks	tweaks	tweaks	tweaks	tweaks	tweaks	tweaks	tweaks	tweaks	tweaks	tweaks
my	my	my	my	my	my	my	my	my	my	my	my	my	my	my	my
palm	palm	palm	palm	palm	palm	palm	palm	palm	palm	palm	palm	palm	palm	palm	palm
where	where	where	where	where	where	where	where	where	where	where	where	where	where	where	where
never	never	never	never	never	never	never	never	never	never	never	never	never	never	never	never
a	a	a	a	a	a	a	a	a	a	a	a	a	a	a	a
hair	hair	hair	hair	hair	hair	hair	hair	hair	hair	hair	hair	hair	hair	hair	hair
did	did	did	did	did	did	did	did	did	did	did	did	did	did	did	did
grow?	grow?	grow?	grow?	grow?	grow?	grow?	grow?	grow?	grow?	grow?	grow?	grow?	grow?	grow?	grow?
He	He	He	He	He	He	He	He	He	He	We	He	He	He	He	He
would	would	would	would	would	would	would	would	would	would	would	would	would	would	would	would
have	have	have	have	have	have	have	have	have	have	have	have	have	have	have	have
learnt	learnt	learnt	learnt	learnt	learnt	learnt	learnt	learnt	learnt	learnt	learnt	learnt	learnt	learnt	learnt
close	close		close	close	close	does	close	close	close	close	close	close	close	close	close
grips	grips	grips	grips	grips	grips	grips	grips	grips	grips	grips	grips	grips	grips	grips	grips
indeed!	indeed!	indeed!	indeed!	indeed!	indeed!	indeed!	indeed!	indeed!	indeed!	indeed!	indeed!	indeed!	indeed!	indeed!	indeed!
Were	Were	Were	Were	Were	Were	Were	Were	Were	Were	Were	Where	Were	Were	Where	Where
I	I	I	I	I	I	I	I	I	I	I	I	I	I	I	I
to	to	to	to	to	to	to	to	to	to	to	to	to	to	to	to
cry	cry	cry	cry	cry	cry	cry	cry	cry	cry	cry	cry	cry	cry	cry	cry
Oh!',	Oh!'	Oh!'	Oh!',	"OK!"	Oh!'	Oh!'	Oh!'	Oh!'	Ok!'	Oh!'	Oh!'	Oh!'	"Oh!"	Oh!'	Oh'!
in	in	in	in	in	in	in	in	in	in	in	in	in	in	in	in
fear	fear	fear	fear	fear	fear	fear	fear	fear	fear	fear	fear	fear	fear	fear	fear
of	of	of	of	of	of	of	of	of	of	of	of	of	of	of	of
that	that	that	that	that	that	that	that	that	that	that	that	that	that	that	that
it	it	it	it	it	it	it	it	it	it	it	it	it	it	it	it
would	would	would	would	would	would	would	would	would	would	would	would	would	would	would	would
mark	mark	mark	mark	mark	mark	mark	mark	mark	mark	mak	mark	mark	mark	mark	mark
me	me	me	me	me	me	me	me	me	me	me	me	me	me	me	me
as	as	as	as	as	as	as	as	as	as	as	as	as	as	as	as
a	a	a	a	a	a	a	a	a	a	a	a	a	a	a	a
fool.	fool.	fool.	fool.	fool.	fool.	fool.	fool.	fool.	fool.	fool.	fool.	fool.	fool.	fool.	fool.
Shall	Shal	Shall	Shall	Shall	Shall	Shall	Shall	Shall	Shall	Shall	Shall	Shall	Shall	Shall	Shall
I	I	I	I	I	I	I	I	I	I	I	I	I	I	I	I
find	find	find	find	find	find	find	find	find	find	find	find	find	find	find	find
loyalty	loyalty	loyalty	loyalty	loyalty	loyalty	loyalty	loyalty	loyalty	loyalty	loyalty	loyalty	loyalty	loyalty	loyalty	loyalty
where	where	where	where	where	where	where	where	where	where	where	where	where	where	where	where
it	it	it	it	it	it	it	it	it	it	it	it	it	it	it	it
must	must	must	must	must	must	must	must	must	must	must	must	must	must	must	must
vanish,	vanish,	vanish,	vanish,	vanish,	vanish,	vanish,	vanish,	vanish,	vanish,	vanish,	vanish,	vanish,	vanish,	vanish,	vanish,
like	like	like	like	like	like	like	like	like	like	like	like	like	like	like	like
fire	fire	fire	fire	fire	fire	fire	fire	fire	fire	fire	fire	fire	fire	fire	fire
in	in	in	in	in	in	in	in	in	in	in	in	in	in	in	in
															in
a	a	a	a	a	a	a	a	a	a	a	a	a	a	a	a
well,	well	well	well,	well	well	well	well	well	well	well	well	well	well	well	well
or	or	or	or	or	or	or	or	or	or	or	or	or	or	or	or
dew	dew	dew	dew	dew	dew	dew	dew	dew	dew	dew	dew	dew	dew	dew	dew
in	in	in	in	in	in	in	in	in	in	in	in	in	in	in	in
the	the	the	the	the	the	the	the	the	the	the	the	the	the	the	the
sun?	sun?	sun?	sun?	sun?	sun?	sun?	sun?	sun?	sun?	sun?	sun?	sun?	sun?	sun?	sun?
On	On	On	On	On	On	On	On	On	On	On	On	On	On	On	On
the	the	the	the	the	the	the	the	the	the	the	the	the	the	the	the
other	other	other	other	other	other	other	other	other	other	other	other	other	other	other	other
hand	hand	hand	hand	hand	hand	hand	hand	hand	hand,	hand	hand	hand	hand	hand	hand
I	I	I	I	I	I	I	I	I	I	I	I	I	I	I	I
have	have	have	have	have	have	have	have	have	have	have	have	have	have	have	have
yet	yet	yet	yet	yet	yet	yet	yet	yet	yet	yet	yet	yet	yet	yet	yet
to	to	to	to	to	to	to	to	to	to	to	to	to	to	to	to
meet	meet	meet	meet	meet	meet	meet	meet	meet	meet	meet	meet	meet	meet	meet	meet
a	a	a	a	a	a	a	a	a	a	a	a	a	a	a	a
man	man	man	man	man	man	man	man	man	man	man	man	man	man	man	man
so	so	so	so	so	so	so	so	so	so	so	so	so	so	so	so
wise	wise	wise	wise	wise	wise	wise	wise	wise	wise	wise	wise	wise	wise	wise	wise
that	that	that	that	that	that	that	that	that	that	that	that	that	that	that	that
he	he	he	he	he	he	he	he	he	we	he	he	he	he	he	he
would	would	would	would	would	would	would	would	would	would	would	would	would	would	would	would
not	not		not	not	not		not	not	not	not	not	not	not	not	not
gladly	gladly	gladly	gladly	gladly	gladly	gladly	gladly	gladly	gladly	gladly	gladly	gladly	gladly	gladly	gladly
know	know	know	know	know	know	know	know	know	know	know	know	know	know	know	know
what	what	what	what	what	what	what	what	what	what	what	what	what	what	what	where
guidance	guidance	guidance	guidance	guidance	guidance	guidance	guidance	guidance	guidance	guidance	guidance	guidance	guidance	guidance	guidance
this	this	this	this	this	this	this	this	this	this	this	this	this	this	this	this
story	story	story	story	story	story	story	story	story	story	story	story	story	story	story	story
requires,	requires,	requires,	requires,	requires,	requires,	requires,	requires,	requires,	requires,	requires,	requires,	requires,	requires,	requires,	requires,
what	what	what	what	what	what	what	what	what	what	what	what	what	what	what	what
edification	edification	edification	edification	edification	edification	edification	edification	edification	edification	edification	edification	edification	edification	edification	edification
it	it	it	it	it	it	it	it	it	it	it	it	it	it	it	it
brings.	brings.	brings.	brings.	brings.	brings.	brings.	brings.	brings.	brings.	brings.	brings.	brings.	brings.	brings.	brings.
The	The	The	The	The	The	The	The	The	The	The	The	The	The	The	The
tale	tale	tale	tale	tale	tale	tale	tale	tale	tale	tale	tale	tale	tale	tale	tale
never	never	never	never	never	never	never	never	never	never	never	never	never	never	never	never
loses	loses	loses	loses	loses	loses	loses	loses	loses	loses	loses	loses	loses	loses	loses	loses
heart,	heat,	heart,	heart,	heart,	heart,	heart,	heart,	heart,	heart,	heart,	heart,	heart,	heart,	heart,	heart,
but	but	but	but	but	but	but	but	but	but	but	but	but	but	but	but
flees	flees	flees	flees	flees	flees	flees	flees	flees	frees	flees	flees	flees	flees	flees	flees
and	and	and	and	and	and	and	and	and	and	and	and	and	and	and	and
						and									
pursues,	pursues,	pursues,	pursues,	pursues,	pursues,	pursues,	pursues,	pursues,	pursues,	pursues,	pursues,	pursues,	pursues,	pursues,	pursues,
turns	turns	turns	turns	turns	turns	turns	turns	turns	twins	twins	turns	turn	turns	turns	turns
tail	tail	tail	tail	tail	tail	tail	tail	tail	tail	tail	tail	tail	tail	tail	tail
and	&	and	and	and	and	and	and	and	and	and	and	and	and	and	and
wheels	wheels	wheels	wheels	wheels	wheels	wheels	wheels	wheels	wheels	wheels	wheels	wheels	wheels	wheel	wheels
to	to	to	to	to	to	to	to	to	to	to	to	to	to	to	to
the	the	the	the	the	the	the	the	the	the	the	the	the	the	the	the
attack	attack	attack	attack	attack	attack	attack	attack	attack	attack	attack	attack	attack	attack	attack	attack
and	&	and	and	and	and	and	and	and	and	and	and	and	and	and	and
doles	doles	does	doles	doles	doles	doles	doles	doles	doles	doles	doles	doles	doles	doles	doles
out	out	not	out	out	out	out	out	out	out	out	out	out	out	out	out
blame	blame	blame	blame	blame	blame	blame	blame	blame	blame	blame	blame	blame	blame	blame	blame
and	and	and	and	and	and	and	and	and	and	and	and	and	and	and	and
praise.	praise.	praise.	praise.	praise.	praise.	praise.	praise.	praise.	praise.	praise.	praise.	praise.	praise.	praise.	praise.
The	The	The	The	The	The	The	The	The	The	The	The	The	The	The	The
man	man	man	man	man	man	man	man	man	man	man	man	man	man	man	man
who	who	who	who	who	who	who	who	who	who	who	who	who	who	who	who
follows	follows	follows	follows	follows	follows	follows	follows	follows	follows	follows	follows	follows	follows	follows	follows
all	all		all	all	all	all	all	all	all	all	all	all	all	all	all
these	these		there	these	these	these	these	these	these	these	these	these	these	these	these
vicissitudes	vicissitudes	vissitudes	vicissitudes	vicissitudes	vicissitudes	vissitudes	vicissitudes	vicissitudes	vicissitudes	viciscitudes	vicissitudes	vicissitudes	vicissitudes	vicissitudes	vicissitudes
and	and	and	and	and	and	and	and	and	and	and	and	and	and	and	and
neither	neither	neither	neither	neither	neither	neither	neither	neither	neither	neither	neither	neither	neither	neither	neither
outs	sits	its	outs	sits	sits	sits	sits	sits	sits	sits	sits	sits	sits	sits	
too	too	too	too	too	too	too	too	too	too	too	too	too	too	too	too
long	long	long	long	long	long	long	long	long	long	long	long	long	long	long	long
or	nor	or	or	nor	nor	or	nor	nor	nor	nor	nor	nor	nor	nor	nor
goes	goes	goes	goes	goes	goes	goes	goes	goes	goes	goes	goes	goes	goes	goes	goes
astray	astray	astray	astray	astray	astray	astray	astray	astray	askay	astray	astray	astray	astray	astray	astray
and	and	and	and	and	and	and	and	and	and	and	and	and	and	and	and
otherwise	otherwise	otherwise	otherwise	otherwise	otherwise	otherwise	otherwise	otherwise	otherwise	otherwise	otherwise	otherwise	otherwise	otherwise	otherwise
knows	knows	knows	knows	knows	knows	knows	knows	knows	knows	knows	knows	knows	knows	knows	knows
where	where	where	where	where	where	where	where	where	where	where	where	where	where	where	where
he	he	he	he	he	he	he	he	he	he	he	he	he	he	he	he
stands	stands	stands	stands	stands	stands	stands	stands	stands	stands	stands	stands	stands	stands	stands	stands
has	has	has	has	has	has	has	has	has	has	has	has	has	has	has	has
been	been	been	been	been	been	been	been	been	been	been	been	been	been	been	been
well	well	well	well	well	well	well	well	well	well	well	well	well	well	well	well
served	served	served	served	served	served	served	served	served	served	served	served	served	served	served	served
by	by	by	by	by	by	by	by	by	by	by	by	by	by	by	by
mother	mother	mother	mother	mother	mother	mother	mother	mother	mother	mother	mother	mother	mother	mother	mother
wit.	wit.	wit.	wit.	wit.	wit.	wit.	wit.	wit.	wit.	wit.	wit.	wit.	wit.	wit.	wit.
Feigned	Feigned	Feyned	Feigned	Feigned	Feigned	Feigned	Feigned	Feigned	Feigned	Feigned	Feigned	Feigned	Feigned	Feigned	Feigned
friendship	friendship	friendship	friendship	friendship	friendship	friendship	friendship	friendship	friendship	friendship	friendship	friendship	friendship	friendship	friendship
leads	leads	leads	leads	leads	leads	leads	leads	leads	leads	leads	leads	leads	leads	leads	leads
to	to	to	to	to	to	to	to	to	to	to	to	to	to	to	to
the	the	slee	the	the	the	the	the	the	the	the	the	the	the	the	the
fire,	fire,	fire,	fire,	fire,	fire,	fire,	fire,	fire,	fire,	fire,	fire,	fire,	fire,	fire,	fire,
it	it	it	it	it	it	it	it	it	it	it	it	it	it	it	it
destroy	destroys	destroys	destroy	destroys	destroys	destroys	destroys	destroys	destroys	destroys	destroys	destroys	destroys	destroys	destroys
a	a	a	a	a	a	a	a	a	a	a	a	a	a	a	a
man's	man's	mans	man's	man's	man's	mans	man's	man's	man's	man's	man's	man's	man's	man's	man's
nobility	nobility	nobility	nobility	nobility	nobility	nobility	nobility	nobility	nobility	nobility	nobility	nobility	nobility	nobility	nobility
like	like	like	like	like	like	like	like	like	like	like	like	like	like	like	like
hail.	hail.	hair.	hail.	bail.	hail.	hair.	hail.	hail.	bail.	hail.	hail.	hail.	hail.	hail.	hail.
Its	Its	Its	It's	Its	Its	Its	It's	Its	His	Its	Its	Its	Its	Its	Its
loyalty	loyalty	loyalty	loyalty	loyalty	loyalty	loyalty	loyalty	loyalty	loyalty	loyalty	loyalty	loyalty	loyalty	loyalty	loyalty
is	is	is	is	is	is	is	is	is	is	is	is	is	is	is	is
so	so	so	so	so	so	so	so	so	so	so	so	so	so	so	so
short	short	short	short	short	short	short	short	short	short	short	short	short	short	short	short
in	in	in	in	in	in	in	in	in	in	in	in	in	in	in	in
the	the	the	the	the	the	the	the	the	the	the	the	the	the	the	the
tail	tail	lait	tail	tail	tail	tail	tail	tail	tail	tail	tail	tail	tail	tail	tail
that	that	that	that	that	that	that	that	that	that	that	that	that	that	that	that
if	if	if	if	if	if	if	if	if	if	if	if	if	if	if	if
it	it	it	it	it	it	it	it	it	it	it	it	it	it	it	it
meet	meet	meet	meet	meet	meet	meet	meet	meet	meet	met	meet	meet	meet	meet	meets
in	in	in	in	in	in	in	in	in	in	in	in	in	in	in	in
the	the	the	the	the	the	the	the	the	the	the	the	the	the	the	the
wood	wood	wood	wood	wood	wood	wood	wood	wood	wood	wood	wood	wood	wood	wood	wood
with	with	with	with	with	with	with	with	with	with	with	with	with	with	with	with
gadflies	gadflies	gadflies	gadflies	gadflies	gadflies	gadflies	gad	gadflies	gad	gad	gadflies	gadflies	gad	gadflies	gadflies
							flies		flies	flies			flies		
it	it	it	it	it	it	it	it	it	it	it	it	it	it	it	it
will	will	will	will	will	will	will	will	will	will	will	will	will	will	will	will
not	not	not	not	not	not	not	not	not	not	not	not	not	not	not	not
quit	quit	quit	quit	quit	quit	quit	quit	quit	quit	quit	quit	quit	quit	quit	quit
a	a	a	a	a	a	a	a	a	a	a	a	a	a	a	a
bet	bite	bit	bet	bite	bite	bit	bite	bit	bile	bite	bite	bite	bite	bite	bite
in	in	in	in	in	in	in	in	in	in	in	in	in	in	in	in
three.	three.	three.	three.	three.	three.	three.	three.	three.	three.	three.	three.	three.	three.	three.	three.
These	These	These	There	These	These	These	These	These	These	These	These	These	These	These	These
manifold	manifold	manifold	manifold	manifold	manifold	manifold	manifold	manifold	manifold	manifold	manifold	manifold	manifold	manifold	manifold
distinctions	distinctions	destinctions	distinctions	distinctions	distinctions	distinctions	distinctions	distinctions	distinction	distinctions	distinctions	distinctions	distinctions	distinctions	distinctions
do	do	do	do	do	do	do	do	do	do	do	do	do	do	do	do
not	not	not	not	not	not	not	not	not	not	not	not	not	not	not	not
all	all	all	all	all	all	all	all	all	all	all	all	all	all	all	all
relate	relate	relate	relate	relate	relate	relate	relate	relate	relate	relate	relate	relate	relate	relate	relate
to	to	to	to	to	to	to	to	to	to	to	to	to	to	to	to
men.	men.	men.	men.	men.	men.	men.	men.	men.	men.	men.	man.	men.	men.	men.	men.
I	I	I	I	I	I	I	I	I	I	I	I	I	I	I	I
shall	shall	shall	shall	shall	shall	shall	shall	shall	shall	shall	shall	shall	shall	shall	shall
set	set	set	set	set	set	set	set	set	set	set	set	set	set	set	set
these	these	these	there	these	these	these	these	these	these	these	these	these	these	these	these
marks	marks	marks	marks	marks	marks	marks	marks	marks	marks	marks	marks	marks	marks	marks	marks
as	as	as	as	as	as	as	as	as	as	as	as	as	as	as	as
a	a	a	a	a	a	a	a	a	a	a	a	a	a	a	a
challenge	challenge	challenge	challenge	challenge	challenge	challenge	challenge	challenge	challenge	challenge	challenge.	challenge	challenge	challenge	challenge
to	to	to	to	to	to	to	to	to	to	to	to	to	to	to	to
women.	women.	women.	women.	women.	women.	women.	women.	women.	women.	women.	women.	women.	women.	women.	women.
Let	Let	Let	Let	Let	Let	Let	Let	Let	Let	Let	Let	Let	Let	Let	Let
any	any	any	any	any	any	any	any	any	any	any	any	any	any	any	any
who	who	who	who	who	who	who	who	who	who	who	who	who	who	who	who
would	would	would	would	would	would	would	would	would	would	would	would	would	would	would	would
learn	learn	learn	learn	learn	learn	learn	learn	learn	learn	learn	learn	learn	learn	learn	
from	from	from	from	from	from	from	from	from	from	from	from	from	from	from	from
me	me	me	me	me	me	me	me	me	me	me	me	me	me	me	me
beware	beware	beware	beware	beware	beware	beware	beware	beware	beware	beware	beware	beware	beware	beware	beware
to	to	to	to	to	to	to	to	to	to	to	to	to	to	to	to
whom	whom	whom	whom	whom	whom	whom	whom	whom	whom	whom	whom	whom	whom	whom	whom
she	she	she	she	she	she	she	she	she	she	she	she	she	she	she	she
	takes	takes	takes	takes		takes	takes	takes	takes	takes	takes	takes	takes	takes	takes
		her	her	her		her	her	her	her	her	her	her	her	her	her
	honour	honour	honour	honour		honour	honour	honour	honour	honour	honour	honour	honour	honour	honour
	and	and	and	and		and	and	and	and	and	and	and	and	and	and
	good	good	good	good		good	good	good	good	good	good	good	good	good	good
	name,	name,	name,	name,		name,	name,	name,	name,	name,	name,	name,	name,	name,	name,
	beware	beware	beware	beware		beware	beware	beware	beware	beware	beware	beware		beware	beware
		to				to									
	whom	whom	whom	whom		whom	whom	whom	whom	whom	who	whom		whom	whom
	she	she	she	she		she	she	she	she	she	she	she		she	she
makes	makes	makes	makes	makes	makes	makes	makes	makes	makes	makes	makes	makes		makes	makes
free	free	free	free	free	free	free	free	free	free	free	free	free		free	free
of	of	of	of	of	of	of	of	of	of	of	of	of		of	of
her	her	her	her	her	her	her	her	her	her	her	her	her		her	her
love	love	love	love	love	love	love	love	love	love	love	love	love		love	love
and	and	and	and	and	and	and	and	and	and	and	and	and		and	and
precious	precious	preceous	precious	precious	precious	precious	precious	precious	precious	precious	precious	precious		precious	precious
person,	person,	person	person,	person,	person,	person,	person,	person,	person,	person,	person,	person,		person,	person.
lest	lest	lest	lest	lest	lest	lest	lest	lest	lest	lest	lest	lest	lest	lest	Lest
she	she	one	she	she	she	she	she	she	she	she	she	she	she	she	she
regret	regret	regret	regret	regret	regret	regret	regret	regret	regret	regret	regret	regret	regret	regret	regret
the	the	the	the	the	the	the	the	the	the	the	the	the	the	the	the
loss	loss	lors	loss	loss	loss	loss	loss	loss	loss	loss	loss	loss	loss	loss	loss
of	of	of	of	of	of	of	of	of	of	of	of	of	of	of	of
both	both	both	both	both	both	both	both	both	both	both	both	both	both	both	both
chastity	chastity	chastity	chastity	chastity	chastity	chastity	chastity	chastity	chastity	chastity	chastity	chastity	chastity	chastity	chastity
and	&	and	and	and	and	and	and	and	and	and	and	and	and	and	and
affection.	affection.	affection.	affection.	affection.	affection.	affection.	affection.	affection.	affection.	affection.	affection,	affection.	affection.	affection.	affection.
With	With	With	With	With	With	With	With	With	With	With	with	With	With	With	With
God	God	God	God	God	God	God	God	God	God	God	God	God	God	God	god
as	as	as	as	as	as	as	as	as	as	as	as	as	as	as	as
my	my	my	my	my	my	my	my	my	my	my	my	my	my	my	my
witness	witness	witness	witness	witness	witness	witness	witness	witness	witness	witness	witness.	witness	witness	witness	witness
I	I	I	I	I	I	I	I	I	I	I	I	I	I	I	I
bid	bid	bid	bid	bid	bid	bid	bid	bid	bid	bid	bid	bid	bid	bid	bid
good	good	good	good	good	good	good	good	good	good	good	good	good	good	good	good
women	women	women	women	women	women	women	women	women	women	women	women	women	women	woman	women
observe	observe	observe	observe	observe	observe	observe	observe	observe	observe	observe	observe	observe	observe	observe	
restraint.	restraint.	restraint.	restraint.	restraint.	restraint.	restraint.	restraint.	restraint.	restraint.	restraint.	restraint.	restraint.	restraint.	restraint.	restraint.
The	The	The	The	The	The	The	The	The	The	The	The	The	The	The	The
lock	lock		lock	lock	lock	lock	lock	lock	lock	lock	lock	lock	lock	lock	lock
guarding	guarding	guardily	guarding	guarding	guarding	guarding	guarding	guarding	guarding	guarding	guarding	guarding	guarding	guarding	guarding
all	all	all	all	all	all	all	all	all	all	all	all	all	all	all	all
good	good	good	good	good	good	good	good	good	good	good	good	good	good	good	good
ways	ways	ways	ways	ways	ways	ways	ways	ways	ways	ways	ways	ways	ways	ways	ways
is	is	in	is	is	is	in	is	is	is	is	is	is	is	is	is
modesty	modesty	modesty	modesty	modesty.	modesty	modesty	modesty	modesty	modesty	modesty	modesty	modesty	modesty	modesty	modest
-	-	-	-		-	-	-	-	-	-	-	-	-	-	-
I	I	I	I	I	I	I	I	I	I	I	I	I	I	I	I
need	need	need	need	need	need	need	need	need	need	need	need	need	need	need	need
not	not	not	not	not	not	not	not	not	not	not	not	not	not	not	not
wish	wish	wish	wish	wish	wish	wish	wish	wish	wish	wish	wish	wish	wish	wish	wish
them	them	them	them	them	them	them	them	them	them	them	them	them	them	them	them
any	any	any	any	any	any	any	any	any	any	any	any	any	any	any	and
better	better	better	better	better	better	better	better	better	better	better	better	better	better	better	
fortune.	fortune.	fortune.	fortune.	fortune.	fortune.	fortune.	fortune.	fortune.	fortune.	fortune.	fortune.	fortune.	fortune.	fortune.	fortune.
The	The	The	The	The	The	The	The	The	The	The	The	The	The	The	The
false	false	false	false	false	false	false	false	false	false	false	false	false	false	false	false
will	will	will	will	will	will	will	will	will	will	will	will	will	will	will	will
gain	gain	gain	gain	gain	gain	gain	gain	gain	gain	gain	gain	gain	gain	gain	gain
a	a	a	a	a	a	a	a	a	a	a	a	a	a	a	a
name	name	name	name	name	name	name	name	name	name	name	name	name	name	name	name
for	for	for	for	for	for	for	for	for	for	for	for	for	for	for	for
falsity	falsity	falsity.	falsity	falsity	falsity.	falsity.	falsity.	falsity.	falsity	falsity.	falsity	falsity.	falsity.	falsity	falsity.
-	-	-	-	-	-	-	-	-	-	-	-	-		-	
How	How	How	How	how	How	How	How	How	how	How	How	How	How	How	How
lasting	lasting	lasting	lasting	lasting	lasting	lasting	lasting	lasting	lashing	lasting	lasting	lasting	lasting	lasting	lasting
is	is	is	is	is	is	is	is	is	is	is	is	is	is	is	is
thin	thin	thin	thin	thin	thin	thin	thin	thin	thin	thin	thin	thin	thin	thin	thin
ice	ice	ice	ice	ice	ice	ice	ice	ice	ice	ice	ice	ice	ice	ice	ice
in	in	in	in	in	in	in	in	in	in	in	in	in	in	in	in
August's	August's	August's	August's	August's	August's	August's	August's	August's	August's	August's	August's	August's	August's	August's	Augusts
torrid	torrid	torrid	torrid	torrid	torrid	torrid	torrid	torrid	horrid	torrid	torrid	torrid	torrid	torrid	torrid
sun?	sun?	sun?	sun?	sun?	sun?	sun?	sun?	sun?	sun?	sun?	sun?	sun?	sun?	sun?	sun?
Their	Their	Their	Their	Their	Their	Their	Their	Their	Their	Their	Their	Their	Their	Their	Their
credit	credit	credit	credit	credit	credit	credit	credit	credit	credit	credit	credit	credit	credit	credit	credit
will	will	will	will	will	will	will	will	will	will	will	will	will	will	will	will
pass	pass	pass	pass	pass	pass	pass	pass	pass	pass	pass	pass	pass	pass	pass	pass
as	as	as	as	as	as	as	as	as	as	as	as	as	as	on	on
															as
soon	soon	soon	soon	soon	soon	soon	soon	soon	soon	soon	soon	soon	soon	soon	soon
away.	away.	away.	away.	away.	away.	away.	away.	away.	away.	away.	away.	away.	away.	away.	as
															away.
The	The	The	The	The	The	The	The	The	The	The	The	The	The	The	The
beauty	beauty	beauty	beauty	beauty	beauty	beauty	beauty	beauty	beauty	beauty	beauty	beauty	beauty	beauty	beauty
of	of	of	of	of	of	of	of	of	of	of	of	of	of	of	of
many	many	many	many	many	many	many	many	many	many	many	many	many	many	many	many
has	has	has	has	has	has	has	has	has	has	has	has	has	has	has	has
been	been	been	been	been	been	been	been	been	been	been	been	been	been	been	been
praised	praised	praised	praised	praised	praised	praised	praised	praised	praised	praised	praised	praised	praised	praised	praised
far	far	far	for	far	far	far	far	far	far	far	far	far	far	far	far
and	and	and	and	and	and	and	and	and	and	and	and	and	and	and	and
wide;	wide;	wide	wide;	wide;	wide;	wide;	wide;	wide;	wide;	wide;	wide;	wide;	wide;	wide;	wide;
but	but	but	but	but	but	but	but	but	but	but	but	but	but	but	but
if	if	if	if	if	if	if	if	if	if	if	if	if	if	if	if
their	their	their	their	their	their	their	their	their	their	their	their	their	their	their	there
hearts	heats	hearts	hearts	hearts	hearts	hearts	hearts	hearts	hearts	hearts	hearts	hearts	hearts	hearts	hearts
be	be	be	be	be	be	be	be	be	be	be	be	be	be	be	be
counterfeit	counterfeit	counterfeit	counterfeit	counter-feit	counterfeit	counterfeit	counter-feit	counterfeit	counterfeit	counter-feit	counterfeit	counterfeit	counterfeit	counterfeit	counterfeit
I	I	I	I	I	I	I	I	I	I	I	I	I	I	I	I
rate	rate	rate	rate	rate	rate	rate	rate	rate	rate	rate	note	note	rate	note	note
them	them	them	them	them	them	them	them	them	them	them	them	them	them	the	them
as	as	as	as	as	as	as	as	as	as	as	as	as	as	as	as
I	I	I	I	I	I	I	I	I	I	I	I	I	I	I	I
should	should	should	should	should	should	should	should	should	should	should	should	should	should	should	should
a	a	a	a	a	a	a	a	a	a	a	a	a	a	a	a
bead	bead	bead	bead	bead	bead	bead	bead	bead	bead	bead	bead	bead	bead	bead	bead
set	set	yet	set	set	set	set	set	set	set	set	set	set	set	set	set
in	in	in	in	in	in	in	in	in	in	in	in	in	in	in	in
gold.	gold.	gold.	gold.	gold.	gold.	gold.	gold.	gold.	gold.	gold.	gold.	gold.	gold.	gold.	gold.
But	But	But	But	But	But	But	But	But	But	But	But	But	But	But	But
I	I	I	I	I	I	I	I	I	I	I	I	I	I	I	I
do	do	do	do	do	do	do	do	do	do	do	do	do	do	do	do
not	not	not	not	not	not	not	not	not	not	not	not	not	not	not	not
reckon	reckon	reckon	reckon	reckon	reckon	reckon	reckon	reckon	reckon	reckon	reckon	reckon	reckon	reckon	reckon
it	it	it	it	it	it	it	it	it	it	it	it	it	it	its	it
a	a	a	a	a	a	a	a	a	a	a	a	a	a	a	a
tawdry	tawdry	tawdry	tawdry	tawdry	tawdry	tawdry	tawdry	tawdry	tawdry	tawdry	tawdry	tawdry	tawdry	tawdry	towdry
thing	thing	thing	thing	thing	thing	thing	thing	thing	thing	thing	thing	thing	thing	thing	thing
when	when	when	when	when	when	when	when	when	when	when	when	when	when	when	when
the	the	the	the	the	the	the	the	the	the	the	the	the	the	the	the
noble	noble	noble	noble	noble	noble	noble	noble	noble	noble	noble	noble	noble	noble	noble	noble
ruby	ruby	ruby	ruby	ruby	ruby	ruby	ruby	ruby	ruby	ruby	ruby	ruby	ruby	ruby	ruby
with	with	with	with	with	with	with	with	with	with	with	with	with	with	with	with
all	all	all	all	all	all	all	all	all	all	all	all	all	all	all	all
its	its	its	it's	its	its	its	its	its	its	its	its	its	its	its	its
virtues	virtues	virtues	virtues	virtues	virtues	virtues	virtues	virtues	virtues	virtues	virtues	virtues	virtues	virtues	virtues
is	is	is	is	is	is	is	is	is	is	is	is	is	is	is	is
fashioned	fashioned	fashioned	fashioned	fashioned	fashioned	fashioned	fashioned	fashioned	fashioned	fashioned	fashioned	fashioned	fashioned	fashioned	fashioned
into	into	into	into	into	into	into	into	into	into	into	into	into	into	into	into
bass	bare	bare	base	base	base	base	base	base	bare	base	base	base	base	base	base
brass	brass,	brass	brass	brass,	brass,	brass	brass,	brass	brass,	brass,	brass,	brass,	brass,	brass,	brass,
for	for	for	for	for	for	for	for	for	for	for	for	for	for	for	for
this	this	this	this	this	this	this	this	this	this	this	this	this	this	this	this
I	I	I	I	I	I	I	I	I	I	I	I	I	I	I	I
would	would	would	would	would	would	would	would	would	would	would	would	would	would	would	would
liken	liken	like	liken	liken	liken	liken	liken	liken	liken	liken	liken	liken	liken	liken	liken
to	to	to	to	to	to	to	to	to	to	to	to	to	to	to	to
the	the		the	the	the	the	the	the	the	the	the	the	the	the	the
					the										
spirit	spirit	spirit	spirit	spirit	spirit	spirit	spirit	spirit	spirit	spirit	spirit	spirit	spirit	spirit	spirit
of	of	of	of	of	of	of	of	of	of	of	of	of	of	of	of
true	true		true	true	true		true	true	true	true	true	true	true	true	true
womanhood.	woman-hood.	womanhood.	womanhood.	woman-hood.	womanhood.	womanhood.	woman-hood.	womanhood.	woman-hood.	womanhood.	woman-hood	woman-hood.	womanhood.	woman-hood.	woman-hood.
When	When	When	When	When	When	When	When	When	When	When	when	When	When	When	When
a	a	a	a	a	a	a	a	a	a	a	a	a	a	a	a
women	woman	woman	woman	woman	woman	woman	woman	woman	woman	woman	woman	woman	woman	woman	woman
acts	acts	acts	acts	acts	acts	acts	acts	acts	acts	acts	acts	acts	acts	acts	acts
to	to	to	to	to	to	to	to	to	to	to	to	to	to	to	to
the	the	the	the	the	the	the	the	the	the	the	the	the	the	the	the
best	best	best	best	best	best	best	best	best	best	best	best	best	best	best	best
of	of	of	of	of	of	of	of	of	of	of	of	of	of	of	of
her	her	her	her	her	her	her	her	her	her	her	her	her	her	her	her
nature	nature	nature	nature	nature	nature	nature	nature	nature	nature	nature	nature	nature	nature	nature	nature
you	you	you	you	you	you	you	you	you	you	you	you	you	you	you	you
will	will	will	will	will	will	will	will	will	will	will	will	will	will	will	will
not	not	not	not	not	not	not	not	not	not	not	not	not	not	not	not
find	find	find	find	find	find	find	find	find	find	find	find	find	find	find	find
me	me	me	me	me	me	me	me	me	me	me	me	me	me	me	me
surveying	surveying	surveying	surveying	surveying	surveying	surveying	surveying	surveying	surveying	surveying	surveying	surveying	surveying	surveying	surveying
her	her	her	her	her	her	her	her	her	her	her	her	her	her	her	her
complexion	complexion	complexion	complexion	complexion	complexion	complexion	complexion	complexion	complexion	complexion	complexion	complexion	complexion	complexion	complexion
or	or	or	or	or	or	or	or	or	or	or	or	or	or	or	or
probing	probing	probing	probing	probing	probing	probing	probing	probing	probing	probing	probing	probing	probing	probing	probing
what	what	what	what	what	what	what	what	what	what	what	what	what	what	what	what
shields	shields	shields	shields	shields	shields	shields	shields	shields	shields	shields	shields	shields	shields	shields	shields
her	her	her	her	her	her	her	her	her	her	her	her	her	her	her	her
heart:	heat:	heart:	heart:	heart:	heart:	heart:	heart:	heart:	heart:	heart:	heart:	heart:	heart:	heat:	heart:
if	if	if	if	if	if	if	if	if	if	if	if	if	if	if	if
she	she	she	she	she	she	she	she	she	she	she	she	she	she	she	she
be	be	be	be	be	be	be	be	be	be	be	be	be	be	be	be
well	well	well	well	well	well	well	well	well	well	well	well	well	well	well	well
proofed	proofed	proofed	proofed	proofed	proofed	proofed	proofed	proofed	proofed	proofed	proofed	proofed	proofed	proofed	proofed
within	within	within	within	within	within	within	within	within	within	within	within	within	within	within	within
her	her	her	her	her	her	her	her	her	her	her	her	her	her	her	her
breast,	breast	breast	breast,	breast	breast	breast	breast	breast	breast	breast	breast	breast	breast	breast	breasts
her	her	her	her	her	her	her	her	her	her	her	her	her	her	her	her
good	good	good	good	good	good	good	good	good	good	good	good	good	good	good	good
name	name	name	name	name	name	name	name	name	name	name	name	name	name	name	name
is	is	is	is	is	is	is	is	is	is	is	is	is	is	is	is
safe	safe	safe	safe	safe	safe	safe	safe	safe	safe	safe	safe	safe	safe	safe	safe
from	from	from	from	from	from	from	from	from	from	from	from	from	from	from	from
harm.	harm.	harm.	harm.	harm.	harm.	harm.	harm.	harm.	harm.	harm.	harm.	harm.	harm.	harm.	harm.
Now	Now	Now	Now	Now	Now	Now	Now	Now	Now	Now	Nor	Now	Now	Now	Now
if	if	if	if	if	if	if	if	if	if	if	if	if	if	if	if
I	I	I	I	I	I	I	I	I	I	I	I	I	I	I	I
were	were	were	were	were	were	were	were	were	were	were	were	were	were	were	were
to	to	to	to	to	to	to	to	to	to	to	to	to	to	to	to
judge	judge	judge	judge	judge	judge	judge	judge	judge	judge	judge	judge	judge	judge	judge	judge
of	of	of	of	of	of	of	of	of	of	of	of	of	of	of	of
men	men	men	men	men	men	men	men	men	men	men	men	men	men	men	men
and	&	and	and	and	and	and	and	and	and	and	and	and	and	and	and
women	women	women	women	women	women	women	women	women	women	women	women	women	women	women	women
as	as	as	as	as	as	as	as	as	as	as	as	as	as	as	as
I	I	I	I	I	I	I	I	I	I	I	I	I	I	I	I
know	know	know	know	know	know	know	know	know	know	know	know	know	know	know	know
them	them	them	them	them	them	them	them	them	them	them	them	them	them	them	them
a	a	a	a	a	a	a	a	a	a	a	a	a	a	a	a
long	long	love	long	long	long	long	long	long	long	long	long	long	long	long	long
story	story	story	story	story	story	story	story	story	story	story	story	story	story	story	story
it	it	it	it	it	it	it	it	it	it	it	it	it	it	it	it
would	would	would	would	would	would	would	would	would	would	would	would	would	would	would	would
be.	be.	be.	be.	be.	be.	be.	be.	be.	be.	be.	be.	be.	be.	be	be
Hear	Hear,	Hear	Hear	Hear,	Hear,	Hear	Hear,	Hear,	Hear,	Hear,	Hear,	Hear,	Hear,	Hear,	hear,
then	then,	then,	then	then,	then	then,	then	then,	then,	then	then,	then,	then	then,	then,
what	what	what	what	what	what	what	what	what	what	what	what	what	what	what	what
manner	manner	manner	manner	manner	manner	manner	manner	manner	manner	manner	manner	manner	manner	manner	manner
of	of	of	of	of	of	of	of	of	of	of	of	of	of	of	of
tale	tale	tale	tale	tale	tale	tale	tale	tale	tale	tale	tale	tale	tale	tale	tale
this	this	this	this	this	this	this	this	this	this	this	this	this	this	this	this
is,	is,	is,	is,	is,	is,	is,	is,	is,	is,	is,	is,	is,	is,	is,	is,
telling	telling	telling	telling	telling	telling	telling	telling	telling	telling	telling	telling	telling	telling	telling	telling
of	of		of	of	of	of	of	of	of	of	of	of	of	of	of
things	things	things	things	things	things	things	things	things	things	things	things	things	things	things	things
both	both	both	both	both	both	both	both	both	both	both	both	both	both	both	both
pleasant	pleasant	pleasant	pleasant	pleasant	pleasant	pleasant	pleasant	pleasant	pleasant	pleasant	pleasant	pleasant	pleasant	pleasant	pleasant
and	and	and	and	and	and	and	and	and	and	and	and	and	and	and	and
sad,	sad,	sad,	sad,	sad,	sad,	sad,	sad,	sad,	sad,	sad,	sad	sad	sad,	sad,	sad,
with	with	with	with	with	with	with	with	with	with	with	with	with	with	with	with
joy	joy	joy	joy	joy	joy	joy	joy	joy	joy	joy	joy	joy	joy	joy	joy
and	and	and	and	and	and	and	and	and	and	and	and	and	and	and	and
trouble	trouble	trouble	trouble	trouble	trouble	trouble	trouble	trouble	trouble	trouble	trouble	trouble	trouble	trouble	trouble
for	for	for	for	for	for	for	for	for	for	for	for	for	for	for	for
company.	company.	company.	company.	company.	company.	company.	company.	company.	company.	company.	company.	company.	company.	company.	company.
Grant	Grant	Grant	Grant	Grant	Grant	Grant	Grant	Grant	Grant	Grant	Grant	Grant	Grant	Grant	Great
there	there	there	there	there	there	there	there	there	there	there	there	there	there	there	there
were	were	were	were	were	were	were	were	were	were	were	were	were	were	were	were
three	three	three	three	three	three	three	three	three	three	three	three	three	three	three	three
of	of	of	of	of	of	of	of	of	of	of	of	of	of	of	of
me,	me,	me,	me,	me,	me,	me,	me,	me,	me,	me,	me,	me,	me,	me,	me,
each	each	each	each	each	each	each	each	each	each	each	each	each	each	each	each
with	with	with	with	with	with	with	with	with	with	with	with	with	with	with	with
skill	skill	skill	skill	skill	skill	skill	skill	skill	skill	skill	skill	skill	skill	skill	skill
to	to	to	to	to	to	to	to	to	to	to	to	to	to	to	to
match	match	match	match	match	match	match	match	match	match	match	match	match	match	match	match
mine:	mine:	mine,	mine:	mine:	mine:	mine:	mine:	mine:	mine:	mine:	mine:	mine:	mine:	mine:	mine:
there	there	there	there	there	there	there	There	there	there	there	there	there	there	there	there
would	would	would	would	would	would	would	would	would	would	would	would	would	would	would	would
still	still	still	still	still	still	still	still	still	still	still	still	still	still	still	still
be	be	be	be	be	be	be	be	be	be	be	be	be	be	be	be
need	need	need	need	need	need	need	need	need	need	need	need	need	need	need	need
of	of	of	of	for	of	of	of	of	for	of	of	of	of	of	of
unbridled	unbridled	unbriddled	unbridled	unbridled	unbridled	unbridled	unbridled	unbridled	unbridled	unbridled	unbridled	unbridled	unbridled	unbridled	unbridled
inspiration	inspiration	inspiration	inspiration	inspiration	inspiration	inspiration	inspiration	inspiration	inspiration	inspiration	inspiration	inspiration	inspiration	inspiration	inspiration
to	to	to	to	to	to	to	to	to	to	to	to	to	to	to	to
tell	tell	tell	tell	tell	tell	tell	tell	tell	tell	tell	tell	tell	tell	tell	tell
you	you	you	you	you	you	you	you	you	you	you	you	you	you,	you	you
what,	what	what,	what,	what,	what,	what,	what,	what,	what,	what	what,	what,	single-handed,	what,	what,
single-handed,	single-handed	single-handed,	single-handed,	simple	single-handed,	single-handed,	single-handed,	single-handed,	simple	simplehanded,	single-handed,	single-handed,	what	single-handled,	single-handed,
				handed,					handed,						
I	I	I	I	I	I	I	I	I	I	I	I	I	I	I	I
have	have	have	have	have	have	have	have	have	have	have	have	have	have	have	have
in	a	a	a	a	a	a	a	a	a	a	a	a	a	a	a
mind	mind	mind	mind	mind	mind	mind	mind	mind	mind	mind	mind	mind	mind	mind	mind
to	to	to	to	to	to	to	to	to	to	to	to	to	to	to	to
tell!	tell!	tell	tell!	tell!	tell!	tell	tell!	tell!	tell.	tell!	tell!	tell!	tell!	tell.	tell!
		you.				you.									
I	I	I	I	I	I	I	I	I	I	I	I	I	I	I	I
will	will	will	will	will	will	will	will	will	will	will	will	will	will	will	will
renew	renew	renew	renew	renew	renew	renew	renew	renew	renew	renew	renew	renew	renew	renew	renew
a	a	a	a	a	a	a	a	a	a	a	a	a	a	a	a
tale	tale	lake	tale	tale	tale	tale	tale	tale	tale	tale	tale	tale	tale	tale	tale
that	that	that	that	that	that	that	that	that	that	that	that	that	that	that	that
tells	tells	tells	tells	tells	tells	tells	tells	tells	tells	tells	tells	tells	tells	tells	tells
of	of	of	of	of	of	of	of	of	of	of	of	of	of	of	of
great	great	great	great	great	great	great	great	great	great	great	great	great	great	great	great
fidelity,	fidelity,	fidelity,	fidelity,	fidelity	fidelity,	fidelity,	fidelity	fidelity,	fidelity	fidelity	fidelity,	fidelity,	fidelity	fidelity,	fidelity
of	of	of	of	of	of	of	of	of	of	of	of	of	of	of	of
unborn	inborn	unborn	inborn	unborn	unborn	inborn	unborn	inborn	unborn	unborn	inborn	inborn	unborn	inborn	unborn
womanhood	womanhood	womanhood	womanhood	womanhood	womanhood	womanhood	womanhood	womanhood	womanhood	womanhood	womanhood	womanhood	womanhood	womanhood	womanhood
and	and	and	and	and	and	and	and	and	and	and	and	and	and	and	and
manly	manly	narky	manly	manly	manly	manly	manly	manly	manly	manly	manly	manly	manly	manly	manly
virtue	virtue	virtue	virtue	virtue	virtue	virtue	virtue	virtue	virtue	virtue	virtue	virtue	virtue	virtue	virtue
so	so	so	so	so	so	so	so	so	so	so	so	so	so	so	so
straight	straight	straight	straight	straight	straight	straight	straight	straight	straight	straight	straight	straight	straight	straight	straight
as	as	as	as	as	as	as	as	as	as	as	as	as	as	as	as
never	never	never	never	never	never	never	never	never	never	never	never	never	never	never	never
was	was	was	was	was	was	was	was	was	was	was	was	was	was	was	was
bent	bent	bent	bent	bent	bent	bent	bent	bent	bent	bent	bent	bent	bent	bent	bent
in	in	in	in	in	in	in	in	in	in	in	in	in	in	in	in
any	any	any	any	any	any	any	any	any	any	any	any	any	any	any	any
test	test	test	test	test	test	test	test	test	test	test	test	test	test	test	test
of	of	of	of	of	of	of	of	of	of	of	of	of	of	of	of
hardness.	hardness	hardness.	hardness.	hardiness.	hardness.	hardness.	hardness.	hardness.	hardiness.	hardness.	hardness	hardness.	hardness.	hardness	hardness.
Steel	steel	Steel	Steel	Steel	Steel	Steel	Steel	Steel	Steel	Steel	steel	Steel	Steel	steel	Steel
that	that	that	that	that	that	that	that	that	that	that	that	that	that	that	that
he	he	he	he	he	he	he	he	he	he	he	he	he	he	he	he
was,	was,	was,	was,	was,	way	was,	way	was,	was,	was,	was,	was,	may,	was,	was,
his	his	his	his	his	his	his	his	his	his	his	his	his	his	his	his
courage	courage	courage	courage	courage	courage	courage	courage	courage	courage	courage	courage	courage	courage	courage	courage
never	never	never	never	never	never	never	never	never	never	never	never	never	never	never	never
failed	failed	failed	failed	failed	failed	failed	failed	failed	failed	failed	failed	failed	failed	failed	failed
him,	him,	him	him,	him,	him,	him	him,	him,	him,	him,	him,	him,	him,	him,	him,
his	his	his	his	his	his	his	his	his	his	his	his	his	his	his	his
conquering	conquering	conquering	conquering	conquering	conquering	conquering	conquering	conquering	conquering	conquering	conquering	conquering	conquering	conquering	crnquering
hand	hand	hand	hand	hand	hand	hand	hand	hand	hand	hand	hand	hand	hand	hand	hand
seized	seized	seized	seized	seized	seized	seized	seized	siezed	seized	seized	seized	seized	seized	seized	seized
many	many	many	many	many	many	many	many	many	many	many	many	many	many	many	many
a	a	a	a	a	a	a	a	a	a	a	a	a	a	a	a
glorious	glorious	glorious	glorious	glorious	glorious	glorious	glorious	glorious	glorious	glorious	glorious	glorious	glorious	glorious	glorious
prize	prize	prize	prize	prize	prize	prize	prize	prize	prize	prize	prize	prize	prize	prize	prize
when	when	when	when	when	when	when	when	when	when	when	when	when	when	when	when
he	he	he	he	he	he	he	he	he	he	he	he	he	he	he	he
came	came	came	came	came	came	came	came	came	came	came	came	came	came	came	came
to	to	to	to	to	to	to	to	to	to	to	to	to	to	to	to
battle.	battle.	battle.	battle.	battle.	battle.	battle.	battle.	battle	battle.	battle.	battle.	battle.	battle.	battle.	battle.
Dauntless	Dauntless	Daintless	Dauntless	Dauntless	Dauntless	Dauntless	Dauntless	Dauntless	Dauntless	Dauntless	Dauntless	Dauntless	Dauntless	Dauntless	Dauntless
man,	man,	man	man,	man,	man,	man,	man,	man,	man,	man,	man,	man,	man,	man,	man
though	though	though	though	though	though	though	though	though	though	though	though	though	though	though	though,
laggard	laggard	taggered	laggard	lagged	laggard	laggard	laggard	laggard	lagged	haggard	laggard	laggard	laggard	laggard	lagg
															and
in	in	in	in	in	in	in	in	in	in	in	in	in	in	in	in
discretion!	discretion!	discretion!	discretion!	discretion!	discretion!	discretion!	discretion!	discretion!	discretion!	discretion!	discretion!	discretion!	discretion!	discretion!	discretion!
-	-		-		-		-	-						-	-
Thus	Thus	Thus	Thus	Thus	thus,	Thus	thus,	Thus	Thus	Thus,	Thus	Thus	Thus,	Thus	Thus
I	I	I	I	I	I	I	I	I	I	I	I	I	I	I	I
salute	salute	salute	salute	salute	salute	salute	salute	salute	salute	salute	salute	salute	salute	salute	salute
the	the	the	the	the	the	the	the	the	the	the	the	the	the	the	the
hero	hero.	hero	hero	hero	hero.	hero	hero.	hero	hero	hour	hero.	hero.	hero.	hero	here.
-	-	-	-	-	-	-	-	-	-	-				-	-
sweet	Sweet	sweet	sweet	sweet	Sweet	sweet	Sweet	Sweet	sweet	Sweet	Sweet	Sweet	Sweet	Sweet	Sweet
balm	balm	balm	balm	balm	balm	balm	balm	balm	balm	balm	balm	balm	balm	balm	balm
to	to	to	to	to	to	to	to	to	to	to	to	to	to	to	to
women's	woman's	women's	women's	woman's	woman's	women's	woman's	women's	woman's	woman's	woman's	woman's	woman's	women's	womans
eyes,	eyes,	eyes,	eyes,	eyes,	eyes,	eyes,	eyes,	eyes,	eyes,	eyes,	eyes,	eyes,	eyes,	eyes,	eyes,
yet	yet	yet	yet	yet	yet	yet	yet	yet	yet	yet	yet	yet	yet	yet	yet
women's	woman's	women's	women's	woman's	woman's	women's	woman's	women's	woman's		woman's	woman's	woman's	woman's	woman
hearts	heart's	heart's	hearts	heart's	heart's	heart's	heart's	heart's	hearts'		heart's	heart's	heart's	heart's	heart's
disease!	disease!	desire!	disease!	disease	disease,	disease!	disease	disease!	disease		disease!	disease!	disease	disease!	disease!
				I			I		I				I		
Shunner	Shunner	Shunner	Shunner	shunner	shunner	Shunner	shunner	Shunner	shimmer		Shunner	Shunner	shun	Shunner	Shunner
of	of	of	of	of	of	of	of	of	of		of	of	of	of	of
all	all	all	all	all	all	all	all	all	all		all	all	all	all	all
wrongdoing!	wrongdoing!	wrong	wrongdoing!	wrong-doing!	wrongdoing!	wrongdoing!	wrong	wrongdoing!	wrong-doing!		wrong	wrongdoing!	wrongdoing!	wrongdoing!	wrong
		doing!					doing!				doing!				doing!
As	As	as	As	as	as	as	as	As	as		As	As	As	As	As
yet	yet	yet	yet	yet	yet	yet	yet	yet	yet		yet	yet	yet	yet	yet
he	he	he	he	he	he	he	he	he	he	he	he	he	he	he	he
is	is	is	is	is	is	is	is	is	is	is	is	is	is	is	is
unborn	unborn	unborn	unborn	unborn	unborn	unborn	unborn	unborn	unborn	unborn	unborn	unborn	unborn	unborn	unborn
to	to	to	to	to	to	to	to	to	to	to	to	to	to	to	to
this	this	this	this	this	this	this	this	this	this	this	this	this	this	this	this
story	story	story	story	story	story	story	story	story	story	story	story	story	story	story	story
whom	whom	whom	whom	whom	whom	whom	whom	whom	whom	whom	whom	whom	whom	whom	whom
I	I	I	I	I	I	I	I	I	I	I	I	I	I	I	I
have	have	have	have	have	have	have	have	have	have	have	have	have	have	have	have
chosen	chosen	chosen	chosen	chosen	chosen	chosen	chosen	chosen	chosen	chosen	chosen	chosen	chosen	chosen	chosen
for	for	for	for	for	for	for	for	for	for	for	for	for	for	for	for
the	the	the	the	the	the	the	the	the	the	the	the	the	the	the	the
							unborn		unborn	unborn					
							to		to	to					
							this		this	this					
							story		story	story					
							whom		whom	whom					
							I		I	I					
							have		have	have					
							chosen		chosen	chosen					
							for		for	for					
							the		the	the					
part,	part	part	part,	part,	part,	part,	part,	part,	part,	past,	part,	part,	part,	part,	part.
the	the	the	the	the	the	the	the	the	the	the	the	the	the	the	The
man	man		man	man	man	man	man	man	man	man	man	man	man	man	man
of	of	of	of	of	of	of	of	of	of	of	of	of	of	of	of
whom	whom	whom	whom	whom	whom	whom	whom	whom	whom	whom	whom	whom	whom	whom	whom
this	this	this	this	this	this	this	this	this	this	this	this	this	this	this	this
tale	tale	tale	tale	tale	tale	tale	tale	tale	tale	tale	tale	tale	tale	tale	tale
is	is	is	is	is	is	is	is	is	is	is	is	is	is	is	is
told	told	told	told	told	told	told	told	told	told	told	told	told	told	told	told
and	and	and	and	and	and	and	and	and	and	and	and	and	and	and	and
all	all	all	all	all	all	all	all	all	all	all	all	all	all	all	all
the	the	the	the	the	the	the	the	the	the	the	the	the	the	the	the
marvels	marvels		marvels	marvels	marvels	marvels	marvels	marvels	marvels	marvels	marvels	marvels	marvels	marvels	marvels
in	in	in	in	in	in	in	in	in	in	in	in	in	in	in	in
it.	it.	it.	it.	it.	it!	it.	it.	it.	it.	it.	it.	it.	it!	it.	it.
There	There	There	There	There	There	There	There	There	There	There	There	There	There	There	There
is	is	is	is	is	is	is	is	is	is	is	is	is	is	is	is
a	a	a	a	a	a	a	a	a	a	a	a	a	a	a	a
custom	custom	custom	custom	custom	custom	custom	custom	custom	custom	custom	custom	custom	custom	custom	custom
still	still	still	still	still	still	still	still	still	still	still	still	still	still	still	still
observed	observed	observed	observed	observed	observed	observed	observed	observed	observed	observed	observed	observed	observed	observed	observed
today	today	today,	today	today	today	today,	today	today	today	today	today	today	today	today	today
whenever	wherever	where	wherever	whenever	wherever	where	whenever	wherever	whenever	whenever	wherever	wherever	whenever	wherever	whenever
our	our	our	our	our	our	our	our	our	our	our	our	our	our	our	our
western	western	western	western	western	Western	western	western	western	western	western	western	western	western	western	western
neighbour's	neighbour's	neighbour's	neighbour's	neighbour's	neighbours'	neighbours's	neighbours'	neighbours'	neighbour's	neighbours'	neighbour's	neighbour's	neighbours'	neighbour's	neighbours
law's	laws	laws	law's	laws	laws	laws	laws	laws	law	laws	laws	laws	laws	law	lews
prevail.	prevail.	prevail.	prevail.	prevail.	prevail.	prevail.	prevail.	prevail.	prevail.	prevail.	prevail.	prevail.	prevail.	prevails.	prevail.
It	It	It	It	It	It	It	It	It	It	It	It	It	It	It	It
holds	holds	holds	holds	holds	holds	holds	holds	holds	holds	holds	holds	holds	holds	holds	holds
even	even	even	even	even	even	even	even	even	even	even	even	even	even	even	even
on	on	on	on	on	on	on	on	on	on	as	on	on	on	on	on
German	German	German	German	German	German	German	German	German	German	German	German	German	German	German	German
soil	soil	soil	soil	soil	soil	soil	soil	soil	soil	soil	soil	soil	soil	soil	soil
in	in	in	in	in	in	in	in	in	in	in	in	in	in	in	in
one	one	one	one	one	one	one	one	one	one	one	one	one	one	one	one
old	odd	old	old	odd	odd	old	odd	odd	odd	odd	odd	odd	odd	odd	odd
corner	corner	corner	corner	corner	corner	corner	corner	corner	corner	corner	corner	corner	corner	corner	corner
-	-	-	-	-	-	-	-	-	-	-	-	-	-	-	-
you	you	you	you	you	you	you	you	you	you	you	you	you	you	you	you
don't	don't	don't	don't	don't	don't	don't	don't	don't	don't	don't	don't	don't	don't	don't	dont
need	need	need	need	need	need	need	need	need	need	need	need	need	need	need	need
me	me	me	me	me	me	me	me	me	me	me	me	me	me	me	me
to	to	to	to	to	to	to	to	to	to	to	to	to	to	to	to
tell	tell	tell	tell	tell	tell	tell	tell	tell	tell	tell	tell	tell	tell	tell	tell
you	you	you	you	you	you	you	you	you	you	you	you	you	you	you	you
that!	that!	that!	that!	that!	that!	that!	that!	that!	that!	that!	that!	that!	that!	that!	that!
Whoever	Whoever	Whoever	Whoever	Whoever	Whoever	Whoever	Whoever	Whoever	Whoever	Whoever	Whoever	Whoever	Whoever	Whoever	Whoever
it	it	it	it	it	it	it	it	it	it	it	it	it	it	it	it
was	was	was	was	was	was	was	was	was	was	was	was	was	was	was	was
that	that	that	that	that	that	that	that	that	that	that	that	that	that	that	that
held	held	held	held	held	held	held	held	held	held	held	held	held	held	held	held
those	those	those	those	those	these	those	those	these	those	those	these	those	those	those	those
territories	territories	territores	territories	territories	territories	territories	territories	territories	territories	territories	territories	territories	territories	territories	territories
yonder	yonder	gender	yonder	yonder	yonder	yonder	yonder	yonder	yonder	yonder	yonder	yonder	yonder	yonder	yonder
ruled	ruled	ruled	ruled	ruled	ruled	ruled	ruled	ruled	ruled	ruled	ruled	ruled	ruled	ruled	ruled.
-	-	-	-	-	-	-	-	-	-	-	-	-	-	-	-
nor	nor	nor	nor	nor	nor	nor	nor	nor	nor	nor	nor	nor	nor	nor	nor
was	was	was	was	was	was	was	was	was	was	was	was	was	was	was	was
it	it	it	it	it	it	it	it	it	it	it	it	it	it	it	it
shame	shame	shame	shame	shame	shame	shame	shame	shame	shame	shame	shame	shame	shame	shame	shame
to	to	to	to	to	to	to	to	to	to	to	to	to	to	to	to
him	him	him	him	him	him	him	him	him	him	him	him	him	him	him	him.
-	-	-	-	-	-	-	-	-	-	-	-	-	-	-	-
that	that	that	that	that	that	that	that	that	that	that	that	that	that	that	that
the	the	the	the	the	the	the	the	the	the	the	the	the	the	the	the
eldest	eldest	eldest	eldest	eldest	eldest	eldest	eldest	eldest	eldest	eldest	eldest	eldest	eldest	oldest	eldest
brother	brother	brother	brother	brother	brother	brother	brother	brother	brother	brother	brother	brother	brother	brother	brother
(strange	(strange	(strange	(strange	(strange	(strange	(strange	(strange	(strange	(strange	(strange	(strange	(strange	(strange	(strange	(strange
though	though	though	though	though	though	though	though	though	though	though	though	though	though	though	though
				he											
true)	true)	true)	true)	be)	true)	true)	true)	true)	true)	true)	true)	true)	true)	true)	true)
should	should	should	should	should	should	should	should	should	should	should	should	should	should	should	should
have	have	have	have	have	have	have	have	have	have	have	have	have	have	have	have
his	his	his	his	his	his	his	his	his	his	his	his	his	his	his	his
father's	father's	father's	father's	father's	father's	father's	father's	father's	father's	father's	father's	father's	father's	father's	fathers
whole	whole	whole	whole	whole	whole	whole	whole	whole	whole	whole	whole	whole	whole	whole	whole
inheritance.	inheritance.	inheritence.	inheritance.	inheritance.	inheritance.	inheritance.	inheritance.	inheritance.	inheritance.	inheritance.	inheritance.	inheritance.	inheritance.	inheritance.	inheri-tance.
That	That	That	That	That	That	That	That	That	That	That	That	That	That	That	That
death	death	death	death	death	death	death	death	death	death	death	death	death	death	death	death
should	should	should	should	should	should	should	should	should	should	should	should	should	should	should	should
sever	sever	serve	sever	sever	sever	sever	sever	sever	sever	sever	sever	sever	sever	sever	sever
the	the	the	the	the	the	the	the	the	the	the	the	the	the	the	the
rights	rights	rights	rights	rights	rights	rights	rights	rights	rights	rights	rights	rights	rights	rights	rights
of	of	of	of	of	of	of	of	of	of	of	of	of	of	of	of
which	which	which	which	which	which	which	which	which	which	which	which	which	which	which	which
their	their	their	their	their	their	their	their	their	their	their	their	their	their	their	their
father's	father's	father's	father's	father's	father's	father's	father's	father's	father's	father's	father's	father's	father's	father's	farthers
life	life	life	life	life	life	life	life	life	life	life	life	life	life	life	life
assured	assured	answered	assured	assured	assured	assured	assured	assured	assured	assured	assured	assured	assured	assured	assured
them	them	them	them	them	them	them	them	them	them	them	them	them	them	them	them
was	was	was	was	was	was	was	was	was	was	was	was	was	was	was	was
the	the	the	the	the	the	the	the	the		the	the	the	the	the	the
cadets	cadet's	cadet's	cadets'	cadet's	cadet's	cadets'	cadet's	cadets'	cadets'	cadets'	cadet's	cadet's	cadet's	cadet's	cadets
misfortune.	misfortune.	misfortune.	misfortune.	misfortune.	misfortune.	misfortune.	misfortune.	misfortune.	misfortune.	misfortune.	misfortune.	misfortune.	misfortune.	misfortune.	misfortune.
Before,	Before	Before,	Before,	Before,	Before,	Before,	Before,	Before,	Before,	Before,	Before,	Before,	Before,	Before	Before
they	they	they	they	they	they	they	they	they	they	they	they	they	they	they	the
held	held	held	held	held	held	held	held	held	held	held	held	held	held	held	held
in	in	in	in	in	in	in	in	in	in	in	in	in	in	in	in
common.	common.	common.	common.	common.	common.	common.	common.	common.	common.	common.	common.	common.	common.	common.	common.
Now	Now,	Now,	Now	Now,	Now,	Now,	Now,	Now,	Now,	Now,	Now,	Now,	Now,	Now,	No
the	the	the	the	the	the	the	the	the	the	the	the	the	the	the	the
eldest	eldest	eldest	eldest	eldest	eldest	eldest	eldest	eldest	eldest	eldest	eldest	eldest	eldest	eldest	eldest
holds	holds	holds	holds	holds	holds	holds	holds	holds	holds	holds	holds	holds	holds	holds	holds
alone.	alone.	alone.	alone.	alone,	alone,	alone.	alone,	alone.	alone,	alone,	alone.	alone.	alone,	alone.	alone.
Was	Was	Was	Was	was	was	Was	was	Was	was	was	was	Was	was	Was	Was
that	that	that	that	that	that	that	that	that	that	that	that	that	that	that	that
not	not	not	not	not	not	not	not	not	not	not	not	not	not	not	not
a	a	a	a	a	a	a	a	a	a	a	a	a	a	a	a
wise	wise	wise	wise	wise	wise	wise	wise	wise	wise	wise	wise	wise	wise	wise	wise
man	man	man	man	man	man	man	man	man	man	man	man	man	man,	man	man
who	who	who	who	who	who	who	who	who	who	who	who	who	who	who	who
laid	laid	laid	laid	laid	laid	laid	laid	laid	laid	laid	laid	laid	laid	laid	laid
it	it		it	it	it		it	it	it	it	it	it	it	it	it
down	down	down	down	down	down	down	down	down	down	down	down	down	down	down	down.
that	that	that	that	that	that	that	that	that	that	that	that	that	that	that	that
age	age	age	age	age	age	age	age	age	age	age	age	age	age	age	age
should	should	should	should	should	should	should	should	should	should	should	should	should	should	should	should
have	have	have	have	have	have	have	have	have	have	have	have	have	have	have	have
possessions?	possessions?	permissions?	possession?	possessions?	possessions?	possessions?	possessions?	possessions?	possessions?	possessions?	possessions?	possessions?	possessions?	possessions?	possessions?
-	-	-	-	-	-	-	-	-	-	-	-	-		-	-
Youth	Youth	Youth	Youth	youth	Youth	Youth	youth	Youth	Youth	youth	Youth	Youth	"Youth	Youth	Youth
has	has	has	has	has	has	has	has	has	has	has	has	has	has	has	has
its	its	its	it's	its	its	its	its	its	its	its	its	its	its	its	it
fill	fill	fill	fill	fill	fill	fill	fill	fill	fill	fill	fill	fill	fill	fill	fills
of	of	of	of	of	of	of	of	of	of	of	of	of	of	of	of
good	good	good	good	good	good	good	good	good	good	good	good	good	good	good	good
things,	things,	things,	things,	things,	things,	things,	things,	things,	things,	things,	things,	things,	things,	things,	things,
old	eld	old	old	old	old	old	old	eld	old	old	old	eld	old	eld	eld
of	of	of	of	of	of	of	of	of	of	of	of	of	of	of	of
sights	sighs	sighs	sighs	sighs	sighs	sighs	sighs	sighs	sighs	sighs	sighs	sighs	sighs	sighs	sighs
and	and	and	and	and	and	and	and	and	and	and	and	and	and	and	and
sorrows'!	sorrows'!	sorrows!	sorrows'!	sorrows'!	sorrows'!	sorrows!	sorrows'!	sorrows'!	sorrows'!	sorrows'!	sorrows!	sorrows!	sorrows"	sorrows!	sorrows!
-	-	-	-		-	-	-	-	-		-	-	-	-	-
There	There	There	There		There	There	There	There	There	There	There	There	"There	There	There
never	never	never	never		never	never	never	never	never	never	never	never	never	never	never
was	was	was	was		was	was	was	was	was	was	was	was	was	was	was
a	a	a	a		a	a	a	a	a	a	a	a	a	a	a
fate	fate	fate	fate		fate	fate	fate	fate	fate	fate	fate	fate	fate	fate	fate
so	so	so	so		so	so	so	so	so	so	so	so	so	so	so
pitiful	pitiful	pitiful	pitiful		pitiful	pitiful	pitiful	pitiful	pitiful	pitiful	pitiful	pitiful	pitiful	pitiful	pitiful
as	as	as	as		as	as	as	as	as	as	as	as	as	as	as
age	age	age	age		age	age	age	age	age	age	age	age	age	age	age
and	cum	cum	and		aim	cum	cum	cum	cum	cum	over	cum	and	cum	cum
poverty!'	poverty!'	poverty!	poverty!		poverty!'	poverty!'	poverty!'	poverty!'	poverty!'	poverty.'	poverty!'	poverty!'	poverty!"	proverty!	poverty!'
I	I	I	I	I	I	I	I	I	I	I	I	I	I	I	I
will	will	will	will	will	will	will	will	will	will	will	will	will	will	will	will
not	not	not	not	not	not	not	not	not	not	not	not	not	not	not	not
palter	palter	palter	palter	patter	falter	palter	palter	palter	palter	falter	palter	palter	falter	palter	palter
with	with	with	with	with	with	with	with	with	with	with	with	with	with	with	with
the	the	the	the	the	the	the	the	the	the	the	the	the	the	the	the
truth	truthes	truth:	truth	truth:	truth:	truth:	truth:	truth:	truth:	truth:	truth	truth	truth:	truth	truth
that	that	that	that	that	that	that	that	that	that	That	that	that	that	that	that
kings,	kings,	kings,	kings,	kings,	kings,	kings,	kings,	kings,	kings,	kings,	kings,	kings,	kings,	Kings,	kings,
counts	counts,	counts,	counts	counts,	counts,	counts,	counts,	counts,	counts,	counts,	counts,	counts,	counts,	counts,	counts
dukes	dukes	dukes	dukes	dukes	dukes	dukes	dukes	dukes	dukes	dukes	dukes	dukes	dukes	dukes	dukes
should	should	should	should	should	should	should	should	should	should	should	should	should	should	should	should
suffer	suffer	suffer	suffer	suffer	suffer	suffer	suffer	suffer	suffer	suffer	suffer	suffer	suffer	suffer	suffer
dispossession	dispossession	despossion	dispossession	dispossession	dispossession	despossion	dispossession	dispossesion	dispossession	dispossesion	dispossession	dispossession	dispossession	dispossession	dispossesion
of	of	of	of	of	of	of	of	of	of	of	of	of	of	of	of
their	their	their	their	their	their	their	their	their	their	their	their	their	their	their	their
acres,	acres,	aeras,	acres,	acres,	aires,	acres,	aires,	acres,	acres,	acres,	acres,	acres,	aires,	acres,	acres,
all	all	all	all	all	all	all	all	all	all	all	all	all	all	all	all
but	but	but	but	but	but	but	but	but	but	but	but	but	but	but	but
the	the	the	the	the	the	the	the	the	the	the	the	the	the	the	the
oldest	oldest	oldest	oldest	oldest	oldest	oldest	oldest	oldest	oldest	oldest	oldest	oldest	oldest	oldest	oldest
son	son	son	son	son	son	son	son	son	son	son	son	son	son	son	son
-	-	-	-	-	-	-	-	-	-	-	-	-	-	-	-
what	what	what	what	what	what	what	what	what	what	what	what	what	what	what	what
an	an	an	an	an	an	an	an	an	an	an	an	an	an	an	an
outlandish	outlandish	outlardish	outlandish	outlandish	outlandish	outlandish	out-landish	outlandish	outlandish	outlandish	outlandish	outlandish	outlandish	outlandish	outlandish
ordinance!	ordinance!	ordinance!	ordinance!	ordinance!	ordinance!	ordinance!	ordinance!	ordinance!	ordinance!	ordinance!	ordinance!	ordinance!	ordinance!	ordinance.	audiance!
