_A_p1	_A_p10	_A_p11	_A_p12	_A_p13	_A_p14	_A_p15	_A_p16	_A_p2	_A_p3	_A_p4	_A_p5	_A_p6	_A_p7	_A_p8	_A_p9
If	If	If	If	If	If	If	If	If	If	If	If	If	If	If	If
vaccilation	vaccilation	vaccilation	vaccilation	vaccilation	vaccilation	vaccilation	vaccilation	vaccilation	vaccilation	vaccilation	vaccilation	vaccilation	vaccilation	vaccilation	vaccilation
dwell	dwell	dwell	dwell	dwell	dwell	dwell	dwell	dwell	dwell	dwell	dwell	dwell	dwell	dwell	dwell
with	with	with	with	with	with	with	with	with	with	with	with	within	with	with	with
the	the	the	the	the	the	the	the	the	the	the	the	the	the	the	the
heart	heart	heart	heart	heart	heart	heart	heart	heart	heat	heart	heart	heart	heat	heart	heat
,									of	,					
the soul will	the soul will	the soul will	the soul will	the soul will	the soul will	the soul will	the soul will	the soul will	the soul will	the soul will	the soul will	the soul will	the soul will	the soul will	the soul will
see	rue	rue	rue	rue	rue	rue	rue	rue	rue	see	use	rue	rue	rue	rue
it . Shame and	it . Shame and	it . Shame and	it . Shame and	it . Shame and	it . Shame and	it . Shame and	it . Shame and	it . Shame and	it . Shame and	it . Shame and	it . Shame and	it . Shame and	it . Shame and	it . Shame and	it . Shame and
honour	honour	honour	honour	honour	honour	honour	honour	honour	honour	honour	horror	honour	honour	honour	honour
clash	clash	clash	clash	clash	clash	clash	clash	clash	dash	clash	clash	clash	dash	clash	clash
with	where	where	where	where	where	where	where	where	where	with	where	where	where	where	where
the	the	the	the	the	the	the	the	the	the	the	the	the	the	the	the
courage	courage	courage	courage	courage	courage	courage	courage	courage	courage	courage	courage	courage	courage	courage	courage
of	of	of	of	of	of	of	of	of	of	of	of	of	of	of	of
a		a	a	a	a	a	a	a	a	a		a	a	a	a
steadfast	steadfast	steadfast	steadfast	steadfast	steadfast	steadfast	steadfast	steadfast	steadfast	steadfast	steadfast	steadfast	steadfast	steadfast	steadfast
							.								
man is	man is	man is	man is	man is	man is	man is	man is	man is	man is	man is	man is	man is	man is	man is	man is
motley	motley	motley	motley	motley	motley	motley	motley	motley	motley	motley	motley	motley	motley	motley	motley
like	like	like	like	like	like	like	like	like	like	like	like	like	like	like	like
a	the	the	the	the	the	the	the	the	the	the	the	the	the	the	the
magpie . But such a man may yet	magpie . But such a man may yet	magpie . But such a man may yet	magpie . But such a man may yet	magpie . But such a man may yet	magpie . But such a man may yet	magpie . But such a man may yet	magpie . But such a man may yet	magpie . But such a man may yet	magpie . But such a man may yet	magpie . But such a man may yet	magpie . But such a man may yet	magpie . But such a man may yet	magpie . But such a man may yet	magpie . But such a man may yet	magpie . But such a man may yet
make	wake	make	make	make	make	make	make	make	make	make	make	make	make	make	make
merry	merry	merry	merry	merry	merry	merry	merry	merry	merry	merry	merry	merry	merry	merry	merry
,	,	,	,	,		,	,	,	,	,	,		,	,	,
for	for	for	for	for	for	for	for	for	for	for	for	for	for	for	for
Heaven	Heaven	Heaven	Heaven	Heaven	Heaven	Heaven	Heaven	Heaven	Heaven	Heaven	Heaven	Heaven	Heaven	Heaven	Heaven
&	&	&	&	&	&	&	&	&	&	&	&	&	&	&	&
Hell	Hell	Hell	Hell	Hell	Hell	Hell	Hell	Hell	Hell	Hell	Hell	Hell	Hell	Hell	Hell
have equal part in	have equal part in	have equal part in	have equal part in	have equal part in	have equal part in	have equal part in	have equal part in	have equal part in	have equal part in	have equal part in	have equal part in	have equal part in	have equal part in	have equal part in	have equal part in
him	him	him	him	him	him	him	him	him	this	him	him	him	him	him	him
. Infidelity's	. Infidelity's	. Infidelity's	. Infidelity's	. Infidelity's	. Infidelity's	. Infidelity's	. Infidelity's	. Infidelity's	. Infidelity's	. Infidelity's	. Infidelity's	. Infidelity's	. Infidelity's	. Infidelity's	. Infidelity's
friend	friend	friend	friend	friend	friend	friend	friend	friend	friend	friend	friend	friend	friend	friend	friend
is black all over and takes	is black all over and takes	is black all over and takes	is black all over and takes	is black all over and takes	is black all over and takes	is black all over and takes	is black all over and takes	is black all over and takes	is black all over and takes	is black all over and takes	is black all over and takes	is black all over and takes	is black all over and takes	is black all over and takes	is black all over and takes
on	on	on	on	on	on	on	on	on		on	on	on		on	on
a	a	a	a	a	a	a	a	a	a	a	a	a	a	a	a
murky	murky	murky	murky	murky	murky	murky	murky	murky	murky	murky	murky	murky	murky	murky	murky
hue , while the man of loyal temper	hue , while the man of loyal temper	hue , while the man of loyal temper	hue , while the man of loyal temper	hue , while the man of loyal temper	hue , while the man of loyal temper	hue , while the man of loyal temper	hue , while the man of loyal temper	hue , while the man of loyal temper	hue , while the man of loyal temper	hue , while the man of loyal temper	hue , while the man of loyal temper	hue , while the man of loyal temper	hue , while the man of loyal temper	hue , while the man of loyal temper	hue , while the man of loyal temper
holds	holds	holds	holds	holds	holds	hold	holds	holds	holds	holds	holds	holds	holds	holds	holds
to the white . This winged	to the white . This winged	to the white . This winged	to the white . This winged	to the white . This winged	to the white . This winged	to the white . This winged	to the white . This winged	to the white . This winged	to the white . This winged	to the white . This winged	to the white . This winged	to the white . This winged	to the white . This winged	to the white . This winged	to the white . This winged
companion	comparison	comparison	comparison	comparison	comparison	comparison	comparison	comparison	companion	companion	comparison	comparison	companion	comparison	companion
is too swift for unripe wits . They lack the power to grasp it . For it will wrench past them like a startled	is too swift for unripe wits . They lack the power to grasp it . For it will wrench past them like a startled	is too swift for unripe wits . They lack the power to grasp it . For it will wrench past them like a startled	is too swift for unripe wits . They lack the power to grasp it . For it will wrench past them like a startled	is too swift for unripe wits . They lack the power to grasp it . For it will wrench past them like a startled	is too swift for unripe wits . They lack the power to grasp it . For it will wrench past them like a startled	is too swift for unripe wits . They lack the power to grasp it . For it will wrench past them like a startled	is too swift for unripe wits . They lack the power to grasp it . For it will wrench past them like a startled	is too swift for unripe wits . They lack the power to grasp it . For it will wrench past them like a startled	is too swift for unripe wits . They lack the power to grasp it . For it will wrench past them like a startled	is too swift for unripe wits . They lack the power to grasp it . For it will wrench past them like a startled	is too swift for unripe wits . They lack the power to grasp it . For it will wrench past them like a startled	is too swift for unripe wits . They lack the power to grasp it . For it will wrench past them like a startled	is too swift for unripe wits . They lack the power to grasp it . For it will wrench past them like a startled	is too swift for unripe wits . They lack the power to grasp it . For it will wrench past them like a startled	is too swift for unripe wits . They lack the power to grasp it . For it will wrench past them like a startled
horse	hare	hare	hare	hare	hare	hare	hare	hare	horse	horse	hare	hare	horse	hare	horse
! So it is with a dull mirror	! So it is with a dull mirror	! So it is with a dull mirror	! So it is with a dull mirror	! So it is with a dull mirror	! So it is with a dull mirror	! So it is with a dull mirror	! So it is with a dull mirror	! So it is with a dull mirror	! So it is with a dull mirror	! So it is with a dull mirror	! So it is with a dull mirror	! So it is with a dull mirror	! So it is with a dull mirror	! So it is with a dull mirror	! So it is with a dull mirror
or	or	or	or	or	or	or	on	or	or	or	or	or	or	or	or
a blind	a blind	a blind	a blind	a blind	a blind	a blind	a blind	a blind	a blind	a blind	a blind	a blind	a blind	a blind	a blind
man's	man's	man's	man's	man's	man's	man's	man's	man's	man's	man's	man's	man's	man's	man's	man's
dream	dream	dream	dream	dream	dream	dream	dream	dream	dream	dream	dream	dream	dream	dream	dream
.	.	.	.	.	.	.	.	.	.	.	.	.	.	.	
These	These	These	These	These	These	These	These	These	These	There	These	These	These	These	These
several	reveal	sireal	reveal	reveal	seaal	reveal	reveal	reveal	several	several	reveal	several	several	sereal	several
faces	faces	faces	forces	faces	faces	faces	faces	faces	faces	faces	faces	faces	faces	faces	faces
in	in	in	in	in	in	in	in	in	in	in	in	in	in	in	in
dim outline	dim outline	dim outline	dim outline	dim outline	dim outline	dim outline	dim outline	dim outline		dim outline	dim outline	dim outline	dim outline	dim outline	dim outline
:	:	:	:	:	:	:	.		:	:	:	:	:	:	:
but	but	but	but	but	but	but	but	but	but	but	but	but	but	but	but
the	the	the	the	the	the	the	the	the	the	the	the	the	the	the	the
dark	dark	dark	dark	dark	dark	dark	dark	dark	dark	dark	dark	dark	dark	dark	dark
image does not abide , it gives but a	image does not abide , it gives but a	image does not abide , it gives but a	image does not abide , it gives but a	image does not abide , it gives but a	image does not abide , it gives but a	image does not abide , it gives but a	image does not abide , it gives but a	image does not abide , it gives but a	image does not abide , it gives but a	image does not abide , it gives but a	image does not abide , it gives but a	image does not abide , it gives but a	image does not abide , it gives but a	image does not abide , it gives but a	image does not abide , it gives but a
moments	moments	moments	moments	moments	moments	moments	moments	moments	moments	moments	moments	moments	moments	moments	moments
joy . Who tweaks my palm where never a hair did grow ?	joy . Who tweaks my palm where never a hair did grow ?	joy . Who tweaks my palm where never a hair did grow ?	joy . Who tweaks my palm where never a hair did grow ?	joy . Who tweaks my palm where never a hair did grow ?	joy . Who tweaks my palm where never a hair did grow ?	joy . Who tweaks my palm where never a hair did grow ?	joy . Who tweaks my palm where never a hair did grow ?	joy . Who tweaks my palm where never a hair did grow ?	joy . Who tweaks my palm where never a hair did grow ?	joy . Who tweaks my palm where never a hair did grow ?	joy . Who tweaks my palm where never a hair did grow ?	joy . Who tweaks my palm where never a hair did grow ?	joy . Who tweaks my palm where never a hair did grow ?	joy . Who tweaks my palm where never a hair did grow ?	joy . Who tweaks my palm where never a hair did grow ?
He	He	We	He	He	He	He	He	He	He	He	He	He	He	He	He
would have learnt	would have learnt	would have learnt	would have learnt	would have learnt	would have learnt	would have learnt	would have learnt	would have learnt	would have learnt	would have learnt	would have learnt	would have learnt	would have learnt	would have learnt	would have learnt
close	close	close	close	close	close	close	close	close		close	close	close	does	close	close
grips indeed !	grips indeed !	grips indeed !	grips indeed !	grips indeed !	grips indeed !	grips indeed !	grips indeed !	grips indeed !	grips indeed !	grips indeed !	grips indeed !	grips indeed !	grips indeed !	grips indeed !	grips indeed !
Were	Were	Were	Where	Were	Were	Where	Where	Were	Were	Were	Were	Were	Were	Were	Were
I to cry	I to cry	I to cry	I to cry	I to cry	I to cry	I to cry	I to cry	I to cry	I to cry	I to cry	I to cry	I to cry	I to cry	I to cry	I to cry
					"						"				
Oh	Ok	Oh	Oh	Oh	Oh	Oh	Oh	Oh	Oh	Oh	Ok	Oh	Oh	Oh	Oh
!',	!'	!'	!'	!'	!"	!'	'!	!'	!'	!',	!"	!'	!'	!'	!'
in fear of that it would	in fear of that it would	in fear of that it would	in fear of that it would	in fear of that it would	in fear of that it would	in fear of that it would	in fear of that it would	in fear of that it would	in fear of that it would	in fear of that it would	in fear of that it would	in fear of that it would	in fear of that it would	in fear of that it would	in fear of that it would
mark	mark	mark	mark	mark	mark	mark	mark	mark	mark	mark	mark	mark	mark	mark	mark
me as a fool .	me as a fool .	me as a fool .	me as a fool .	me as a fool .	me as a fool .	me as a fool .	me as a fool .	me as a fool .	me as a fool .	me as a fool .	me as a fool .	me as a fool .	me as a fool .	me as a fool .	me as a fool .
Shall	Shall	Shall	Shall	Shall	Shall	Shall	Shall	Shall	Shall	Shall	Shall	Shall	Shall	Shall	Shall
I find loyalty where it must vanish , like fire in	I find loyalty where it must vanish , like fire in	I find loyalty where it must vanish , like fire in	I find loyalty where it must vanish , like fire in	I find loyalty where it must vanish , like fire in	I find loyalty where it must vanish , like fire in	I find loyalty where it must vanish , like fire in	I find loyalty where it must vanish , like fire in	I find loyalty where it must vanish , like fire in	I find loyalty where it must vanish , like fire in	I find loyalty where it must vanish , like fire in	I find loyalty where it must vanish , like fire in	I find loyalty where it must vanish , like fire in	I find loyalty where it must vanish , like fire in	I find loyalty where it must vanish , like fire in	I find loyalty where it must vanish , like fire in
							in								
a well	a well	a well	a well	a well	a well	a well	a well	a well	a well	a well	a well	a well	a well	a well	a well
,										,					
or dew in the sun ? On the other hand	or dew in the sun ? On the other hand	or dew in the sun ? On the other hand	or dew in the sun ? On the other hand	or dew in the sun ? On the other hand	or dew in the sun ? On the other hand	or dew in the sun ? On the other hand	or dew in the sun ? On the other hand	or dew in the sun ? On the other hand	or dew in the sun ? On the other hand	or dew in the sun ? On the other hand	or dew in the sun ? On the other hand	or dew in the sun ? On the other hand	or dew in the sun ? On the other hand	or dew in the sun ? On the other hand	or dew in the sun ? On the other hand
	,														
I have yet to meet a man so wise that	I have yet to meet a man so wise that	I have yet to meet a man so wise that	I have yet to meet a man so wise that	I have yet to meet a man so wise that	I have yet to meet a man so wise that	I have yet to meet a man so wise that	I have yet to meet a man so wise that	I have yet to meet a man so wise that	I have yet to meet a man so wise that	I have yet to meet a man so wise that	I have yet to meet a man so wise that	I have yet to meet a man so wise that	I have yet to meet a man so wise that	I have yet to meet a man so wise that	I have yet to meet a man so wise that
he	we	he	he	he	he	he	he	he	he	he	he	he	he	he	he
would	would	would	would	would	would	would	would	would	would	would	would	would	would	would	would
not	not	not	not	not	not	not	not	not		not	not	not		not	not
gladly know	gladly know	gladly know	gladly know	gladly know	gladly know	gladly know	gladly know	gladly know	gladly know	gladly know	gladly know	gladly know	gladly know	gladly know	gladly know
what	what	what	what	what	what	what	where	what	what	what	what	what	what	what	what
guidance this story requires , what edification it brings . The tale never loses	guidance this story requires , what edification it brings . The tale never loses	guidance this story requires , what edification it brings . The tale never loses	guidance this story requires , what edification it brings . The tale never loses	guidance this story requires , what edification it brings . The tale never loses	guidance this story requires , what edification it brings . The tale never loses	guidance this story requires , what edification it brings . The tale never loses	guidance this story requires , what edification it brings . The tale never loses	guidance this story requires , what edification it brings . The tale never loses	guidance this story requires , what edification it brings . The tale never loses	guidance this story requires , what edification it brings . The tale never loses	guidance this story requires , what edification it brings . The tale never loses	guidance this story requires , what edification it brings . The tale never loses	guidance this story requires , what edification it brings . The tale never loses	guidance this story requires , what edification it brings . The tale never loses	guidance this story requires , what edification it brings . The tale never loses
heart	heart	heart	heart	heart	heart	heart	heart	heat	heart	heart	heart	heart	heart	heart	heart
, but	, but	, but	, but	, but	, but	, but	, but	, but	, but	, but	, but	, but	, but	, but	, but
flees	frees	flees	flees	flees	flees	flees	flees	flees	flees	flees	flees	flees	flees	flees	flees
and	and	and	and	and	and	and	and	and	and	and	and	and	and	and	and
													and		
pursues ,	pursues ,	pursues ,	pursues ,	pursues ,	pursues ,	pursues ,	pursues ,	pursues ,	pursues ,	pursues ,	pursues ,	pursues ,	pursues ,	pursues ,	pursues ,
turns	twins	twins	turns	turn	turns	turns	turns	turns	turns	turns	turns	turns	turns	turns	turns
tail	tail	tail	tail	tail	tail	tail	tail	tail	tail	tail	tail	tail	tail	tail	tail
and	and	and	and	and	and	and	and	and	and	and	and	and	and	and	and
wheels	wheels	wheels	wheels	wheels	wheels	wheel	wheels	wheels	wheels	wheels	wheels	wheels	wheels	wheels	wheels
to the attack	to the attack	to the attack	to the attack	to the attack	to the attack	to the attack	to the attack	to the attack	to the attack	to the attack	to the attack	to the attack	to the attack	to the attack	to the attack
and	and	and	and	and	and	and	and	and	and	and	and	and	and	and	and
doles	doles	doles	doles	doles	doles	doles	doles	doles	does	doles	doles	doles	doles	doles	doles
out	out	out	out	out	out	out	out	out	not	out	out	out	out	out	out
blame and praise . The man who follows	blame and praise . The man who follows	blame and praise . The man who follows	blame and praise . The man who follows	blame and praise . The man who follows	blame and praise . The man who follows	blame and praise . The man who follows	blame and praise . The man who follows	blame and praise . The man who follows	blame and praise . The man who follows	blame and praise . The man who follows	blame and praise . The man who follows	blame and praise . The man who follows	blame and praise . The man who follows	blame and praise . The man who follows	blame and praise . The man who follows
all	all	all	all	all	all	all	all	all		all	all	all	all	all	all
these	these	these	these	these	these	these	these	these		there	these	these	these	these	these
vicissitudes	vicissitudes	vicissitudes	vicissitudes	vicissitudes	vicissitudes	vicissitudes	vicissitudes	vicissitudes	vicissitudes	vicissitudes	vicissitudes	vicissitudes	vicissitudes	vicissitudes	vicissitudes
and neither	and neither	and neither	and neither	and neither	and neither	and neither	and neither	and neither	and neither	and neither	and neither	and neither	and neither	and neither	and neither
outs	sits	sits	sits	sits	sits	sits		sits	its	outs	sits	sits	sits	sits	sits
too long	too long	too long	too long	too long	too long	too long	too long	too long	too long	too long	too long	too long	too long	too long	too long
or	nor	nor	nor	nor	nor	nor	nor	nor	or	or	nor	nor	or	nor	nor
goes	goes	goes	goes	goes	goes	goes	goes	goes	goes	goes	goes	goes	goes	goes	goes
astray	astray	astray	astray	astray	astray	astray	astray	astray	astray	astray	astray	astray	astray	astray	astray
and otherwise knows where he stands has been well served by mother wit .	and otherwise knows where he stands has been well served by mother wit .	and otherwise knows where he stands has been well served by mother wit .	and otherwise knows where he stands has been well served by mother wit .	and otherwise knows where he stands has been well served by mother wit .	and otherwise knows where he stands has been well served by mother wit .	and otherwise knows where he stands has been well served by mother wit .	and otherwise knows where he stands has been well served by mother wit .	and otherwise knows where he stands has been well served by mother wit .	and otherwise knows where he stands has been well served by mother wit .	and otherwise knows where he stands has been well served by mother wit .	and otherwise knows where he stands has been well served by mother wit .	and otherwise knows where he stands has been well served by mother wit .	and otherwise knows where he stands has been well served by mother wit .	and otherwise knows where he stands has been well served by mother wit .	and otherwise knows where he stands has been well served by mother wit .
Feigned	Feigned	Feigned	Feigned	Feigned	Feigned	Feigned	Feigned	Feigned	Feigned	Feigned	Feigned	Feigned	Feigned	Feigned	Feigned
friendship leads to	friendship leads to	friendship leads to	friendship leads to	friendship leads to	friendship leads to	friendship leads to	friendship leads to	friendship leads to	friendship leads to	friendship leads to	friendship leads to	friendship leads to	friendship leads to	friendship leads to	friendship leads to
the	the	the	the	the	the	the	the	the	slee	the	the	the	the	the	the
fire , it	fire , it	fire , it	fire , it	fire , it	fire , it	fire , it	fire , it	fire , it	fire , it	fire , it	fire , it	fire , it	fire , it	fire , it	fire , it
destroy	destroys	destroys	destroys	destroys	destroys	destroys	destroys	destroys	destroys	destroy	destroys	destroys	destroys	destroys	destroys
a	a	a	a	a	a	a	a	a	a	a	a	a	a	a	a
man's	man's	man's	man's	man's	man's	man's	man's	man's	man's	man's	man's	man's	man's	man's	man's
nobility like	nobility like	nobility like	nobility like	nobility like	nobility like	nobility like	nobility like	nobility like	nobility like	nobility like	nobility like	nobility like	nobility like	nobility like	nobility like
hail	bail	hail	hail	hail	hail	hail	hail	hail	hair	hail	bail	hail	hair	hail	hail
.	.	.	.	.	.	.	.	.	.	.	.	.	.	.	.
Its	His	Its	Its	Its	Its	Its	Its	Its	Its	Its	Its	Its	Its	Its	Its
loyalty is so short in the	loyalty is so short in the	loyalty is so short in the	loyalty is so short in the	loyalty is so short in the	loyalty is so short in the	loyalty is so short in the	loyalty is so short in the	loyalty is so short in the	loyalty is so short in the	loyalty is so short in the	loyalty is so short in the	loyalty is so short in the	loyalty is so short in the	loyalty is so short in the	loyalty is so short in the
tail	tail	tail	tail	tail	tail	tail	tail	tail	lait	tail	tail	tail	tail	tail	tail
that if it	that if it	that if it	that if it	that if it	that if it	that if it	that if it	that if it	that if it	that if it	that if it	that if it	that if it	that if it	that if it
meet	meet	met	meet	meet	meet	meet	meets	meet	meet	meet	meet	meet	meet	meet	meet
in the wood with	in the wood with	in the wood with	in the wood with	in the wood with	in the wood with	in the wood with	in the wood with	in the wood with	in the wood with	in the wood with	in the wood with	in the wood with	in the wood with	in the wood with	in the wood with
gadflies	gadflies	gadflies	gadflies	gadflies	gadflies	gadflies	gadflies	gadflies	gadflies	gadflies	gadflies	gadflies	gadflies	gadflies	gadflies
it will not quit a	it will not quit a	it will not quit a	it will not quit a	it will not quit a	it will not quit a	it will not quit a	it will not quit a	it will not quit a	it will not quit a	it will not quit a	it will not quit a	it will not quit a	it will not quit a	it will not quit a	it will not quit a
bet	bile	bite	bite	bite	bite	bite	bite	bite	bit	bet	bite	bite	bit	bite	bit
in three .	in three .	in three .	in three .	in three .	in three .	in three .	in three .	in three .	in three .	in three .	in three .	in three .	in three .	in three .	in three .
These	These	These	These	These	These	These	These	These	These	There	These	These	These	These	These
manifold	manifold	manifold	manifold	manifold	manifold	manifold	manifold	manifold	manifold	manifold	manifold	manifold	manifold	manifold	manifold
distinctions	distinction	distinctions	distinctions	distinctions	distinctions	distinctions	distinctions	distinctions	distinctions	distinctions	distinctions	distinctions	distinctions	distinctions	distinctions
do not all relate to	do not all relate to	do not all relate to	do not all relate to	do not all relate to	do not all relate to	do not all relate to	do not all relate to	do not all relate to	do not all relate to	do not all relate to	do not all relate to	do not all relate to	do not all relate to	do not all relate to	do not all relate to
men	men	men	man	men	men	men	men	men	men	men	men	men	men	men	men
. I shall set	. I shall set	. I shall set	. I shall set	. I shall set	. I shall set	. I shall set	. I shall set	. I shall set	. I shall set	. I shall set	. I shall set	. I shall set	. I shall set	. I shall set	. I shall set
these	these	these	these	these	these	these	these	these	these	there	these	these	these	these	these
marks as a challenge	marks as a challenge	marks as a challenge	marks as a challenge	marks as a challenge	marks as a challenge	marks as a challenge	marks as a challenge	marks as a challenge	marks as a challenge	marks as a challenge	marks as a challenge	marks as a challenge	marks as a challenge	marks as a challenge	marks as a challenge
			.												
to women . Let any who would	to women . Let any who would	to women . Let any who would	to women . Let any who would	to women . Let any who would	to women . Let any who would	to women . Let any who would	to women . Let any who would	to women . Let any who would	to women . Let any who would	to women . Let any who would	to women . Let any who would	to women . Let any who would	to women . Let any who would	to women . Let any who would	to women . Let any who would
learn	learn	learn	learn	learn	learn	learn		learn	learn	learn	learn	learn	learn	learn	learn
from me beware to whom she	from me beware to whom she	from me beware to whom she	from me beware to whom she	from me beware to whom she	from me beware to whom she	from me beware to whom she	from me beware to whom she	from me beware to whom she	from me beware to whom she	from me beware to whom she	from me beware to whom she	from me beware to whom she	from me beware to whom she	from me beware to whom she	from me beware to whom she
	takes	takes	takes	takes	takes	takes	takes	takes	takes	takes	takes		takes	takes	takes
	her	her	her	her	her	her	her		her	her	her		her	her	her
	honour and good name ,	honour and good name ,	honour and good name ,	honour and good name ,	honour and good name ,	honour and good name ,	honour and good name ,	honour and good name ,	honour and good name ,	honour and good name ,	honour and good name ,		honour and good name ,	honour and good name ,	honour and good name ,
	beware	beware	beware	beware		beware	beware	beware	beware	beware	beware		beware	beware	beware
									to				to		
	whom	whom	who	whom		whom	whom	whom	whom	whom	whom		whom	whom	whom
	she	she	she	she		she	she	she	she	she	she		she	she	she
makes free of her love and	makes free of her love and	makes free of her love and	makes free of her love and	makes free of her love and		makes free of her love and	makes free of her love and	makes free of her love and	makes free of her love and	makes free of her love and	makes free of her love and	makes free of her love and	makes free of her love and	makes free of her love and	makes free of her love and
precious	precious	precious	precious	precious		precious	precious	precious	precious	precious	precious	precious	precious	precious	precious
person	person	person	person	person		person	person	person	person	person	person	person	person	person	person
,	,	,	,	,		,	.	,		,	,	,	,	,	,
lest	lest	lest	lest	lest	lest	lest	lest	lest	lest	lest	lest	lest	lest	lest	lest
she	she	she	she	she	she	she	she	she	one	she	she	she	she	she	she
regret the	regret the	regret the	regret the	regret the	regret the	regret the	regret the	regret the	regret the	regret the	regret the	regret the	regret the	regret the	regret the
loss	loss	loss	loss	loss	loss	loss	loss	loss	loss	loss	loss	loss	loss	loss	loss
of both chastity	of both chastity	of both chastity	of both chastity	of both chastity	of both chastity	of both chastity	of both chastity	of both chastity	of both chastity	of both chastity	of both chastity	of both chastity	of both chastity	of both chastity	of both chastity
and	and	and	and	and	and	and	and	and	and	and	and	and	and	and	and
affection	affection	affection	affection	affection	affection	affection	affection	affection	affection	affection	affection	affection	affection	affection	affection
.	.	.	,	.	.	.	.	.	.	.	.	.	.	.	.
With	With	With	With	With	With	With	With	With	With	With	With	With	With	With	With
God	God	God	God	God	God	God	God	God	God	God	God	God	God	God	God
as my witness	as my witness	as my witness	as my witness	as my witness	as my witness	as my witness	as my witness	as my witness	as my witness	as my witness	as my witness	as my witness	as my witness	as my witness	as my witness
			.												
I bid good	I bid good	I bid good	I bid good	I bid good	I bid good	I bid good	I bid good	I bid good	I bid good	I bid good	I bid good	I bid good	I bid good	I bid good	I bid good
women	women	women	women	women	women	woman	women	women	women	women	women	women	women	women	women
observe	observe	observe	observe	observe	observe	observe		observe	observe	observe	observe	observe	observe	observe	observe
restraint . The	restraint . The	restraint . The	restraint . The	restraint . The	restraint . The	restraint . The	restraint . The	restraint . The	restraint . The	restraint . The	restraint . The	restraint . The	restraint . The	restraint . The	restraint . The
lock	lock	lock	lock	lock	lock	lock	lock	lock		lock	lock	lock	lock	lock	lock
guarding	guarding	guarding	guarding	guarding	guarding	guarding	guarding	guarding	guardily	guarding	guarding	guarding	guarding	guarding	guarding
all good ways	all good ways	all good ways	all good ways	all good ways	all good ways	all good ways	all good ways	all good ways	all good ways	all good ways	all good ways	all good ways	all good ways	all good ways	all good ways
is	is	is	is	is	is	is	is	is	in	is	is	is	in	is	is
modesty	modesty	modesty	modesty	modesty	modesty	modesty	modest	modesty	modesty	modesty	modesty	modesty	modesty	modesty	modesty
-	-	-	-	-	-	-	-	-	-	-	.	-	-	-	-
I need not wish them	I need not wish them	I need not wish them	I need not wish them	I need not wish them	I need not wish them	I need not wish them	I need not wish them	I need not wish them	I need not wish them	I need not wish them	I need not wish them	I need not wish them	I need not wish them	I need not wish them	I need not wish them
any	any	any	any	any	any	any	and	any	any	any	any	any	any	any	any
better	better	better	better	better	better	better		better	better	better	better	better	better	better	better
fortune . The false will gain a name for falsity	fortune . The false will gain a name for falsity	fortune . The false will gain a name for falsity	fortune . The false will gain a name for falsity	fortune . The false will gain a name for falsity	fortune . The false will gain a name for falsity	fortune . The false will gain a name for falsity	fortune . The false will gain a name for falsity	fortune . The false will gain a name for falsity	fortune . The false will gain a name for falsity	fortune . The false will gain a name for falsity	fortune . The false will gain a name for falsity	fortune . The false will gain a name for falsity	fortune . The false will gain a name for falsity	fortune . The false will gain a name for falsity	fortune . The false will gain a name for falsity
		.		.	.		.		.			.	.	.	.
-	-	-	-	-		-		-	-	-	-	-	-	-	-
How	How	How	How	How	How	How	How	How	How	How	How	How	How	How	How
lasting	lashing	lasting	lasting	lasting	lasting	lasting	lasting	lasting	lasting	lasting	lasting	lasting	lasting	lasting	lasting
is thin ice in	is thin ice in	is thin ice in	is thin ice in	is thin ice in	is thin ice in	is thin ice in	is thin ice in	is thin ice in	is thin ice in	is thin ice in	is thin ice in	is thin ice in	is thin ice in	is thin ice in	is thin ice in
August's	August's	August's	August's	August's	August's	August's	August's	August's	August's	August's	August's	August's	August's	August's	August's
torrid	horrid	torrid	torrid	torrid	torrid	torrid	torrid	torrid	torrid	torrid	torrid	torrid	torrid	torrid	torrid
sun ? Their credit will pass	sun ? Their credit will pass	sun ? Their credit will pass	sun ? Their credit will pass	sun ? Their credit will pass	sun ? Their credit will pass	sun ? Their credit will pass	sun ? Their credit will pass	sun ? Their credit will pass	sun ? Their credit will pass	sun ? Their credit will pass	sun ? Their credit will pass	sun ? Their credit will pass	sun ? Their credit will pass	sun ? Their credit will pass	sun ? Their credit will pass
						on	on								
as	as	as	as	as	as		as	as	as	as	as	as	as	as	as
soon	soon	soon	soon	soon	soon	soon	soon	soon	soon	soon	soon	soon	soon	soon	soon
							as								
away . The beauty of many has been praised	away . The beauty of many has been praised	away . The beauty of many has been praised	away . The beauty of many has been praised	away . The beauty of many has been praised	away . The beauty of many has been praised	away . The beauty of many has been praised	away . The beauty of many has been praised	away . The beauty of many has been praised	away . The beauty of many has been praised	away . The beauty of many has been praised	away . The beauty of many has been praised	away . The beauty of many has been praised	away . The beauty of many has been praised	away . The beauty of many has been praised	away . The beauty of many has been praised
far	far	far	far	far	far	far	far	far	far	for	far	far	far	far	far
and wide	and wide	and wide	and wide	and wide	and wide	and wide	and wide	and wide	and wide	and wide	and wide	and wide	and wide	and wide	and wide
;	;	;	;	;	;	;	;	;		;	;	;	;	;	;
but if	but if	but if	but if	but if	but if	but if	but if	but if	but if	but if	but if	but if	but if	but if	but if
their	their	their	their	their	their	their	there	their	their	their	their	their	their	their	their
hearts	hearts	hearts	hearts	hearts	hearts	hearts	hearts	heats	hearts	hearts	hearts	hearts	hearts	hearts	hearts
be	be	be	be	be	be	be	be	be	be	be	be	be	be	be	be
counterfeit	counterfeit	counterfeit	counterfeit	counterfeit	counterfeit	counterfeit	counterfeit	counterfeit	counterfeit	counterfeit	counterfeit	counterfeit	counterfeit	counterfeit	counterfeit
I	I	I	I	I	I	I	I	I	I	I	I	I	I	I	I
rate	rate	rate	note	note	rate	note	note	rate	rate	rate	rate	rate	rate	rate	rate
them	them	them	them	them	them	the	them	them	them	them	them	them	them	them	them
as I should a bead	as I should a bead	as I should a bead	as I should a bead	as I should a bead	as I should a bead	as I should a bead	as I should a bead	as I should a bead	as I should a bead	as I should a bead	as I should a bead	as I should a bead	as I should a bead	as I should a bead	as I should a bead
set	set	set	set	set	set	set	set	set	yet	set	set	set	set	set	set
in gold . But I do not reckon	in gold . But I do not reckon	in gold . But I do not reckon	in gold . But I do not reckon	in gold . But I do not reckon	in gold . But I do not reckon	in gold . But I do not reckon	in gold . But I do not reckon	in gold . But I do not reckon	in gold . But I do not reckon	in gold . But I do not reckon	in gold . But I do not reckon	in gold . But I do not reckon	in gold . But I do not reckon	in gold . But I do not reckon	in gold . But I do not reckon
it	it	it	it	it	it	its	it	it	it	it	it	it	it	it	it
a	a	a	a	a	a	a	a	a	a	a	a	a	a	a	a
tawdry	tawdry	tawdry	tawdry	tawdry	tawdry	tawdry	tawdry	tawdry	tawdry	tawdry	tawdry	tawdry	tawdry	tawdry	tawdry
thing when the noble ruby with all	thing when the noble ruby with all	thing when the noble ruby with all	thing when the noble ruby with all	thing when the noble ruby with all	thing when the noble ruby with all	thing when the noble ruby with all	thing when the noble ruby with all	thing when the noble ruby with all	thing when the noble ruby with all	thing when the noble ruby with all	thing when the noble ruby with all	thing when the noble ruby with all	thing when the noble ruby with all	thing when the noble ruby with all	thing when the noble ruby with all
its	its	its	its	its	its	its	its	its	its	its	its	its	its	its	its
virtues is fashioned into	virtues is fashioned into	virtues is fashioned into	virtues is fashioned into	virtues is fashioned into	virtues is fashioned into	virtues is fashioned into	virtues is fashioned into	virtues is fashioned into	virtues is fashioned into	virtues is fashioned into	virtues is fashioned into	virtues is fashioned into	virtues is fashioned into	virtues is fashioned into	virtues is fashioned into
bass	bare	base	base	base	base	base	base	bare	bare	base	base	base	base	base	base
brass	brass	brass	brass	brass	brass	brass	brass	brass	brass	brass	brass	brass	brass	brass	brass
	,	,	,	,	,	,	,	,			,	,		,	
for this I would	for this I would	for this I would	for this I would	for this I would	for this I would	for this I would	for this I would	for this I would	for this I would	for this I would	for this I would	for this I would	for this I would	for this I would	for this I would
liken	liken	liken	liken	liken	liken	liken	liken	liken	like	liken	liken	liken	liken	liken	liken
to	to	to	to	to	to	to	to	to	to	to	to	to	to	to	to
the	the	the	the	the	the	the	the	the		the	the	the	the	the	the
												the			
spirit of	spirit of	spirit of	spirit of	spirit of	spirit of	spirit of	spirit of	spirit of	spirit of	spirit of	spirit of	spirit of	spirit of	spirit of	spirit of
true	true	true	true	true	true	true	true	true		true	true	true		true	true
womanhood	womanhood	womanhood	womanhood	womanhood	womanhood	womanhood	womanhood	womanhood	womanhood	womanhood	womanhood	womanhood	womanhood	womanhood	womanhood
.	.	.		.	.	.	.	.	.	.	.	.	.	.	.
When	When	When	When	When	When	When	When	When	When	When	When	When	When	When	When
a	a	a	a	a	a	a	a	a	a	a	a	a	a	a	a
women	woman	woman	woman	woman	woman	woman	woman	woman	woman	woman	woman	woman	woman	woman	woman
acts to the best of her nature you will not find me surveying her complexion or probing what shields her	acts to the best of her nature you will not find me surveying her complexion or probing what shields her	acts to the best of her nature you will not find me surveying her complexion or probing what shields her	acts to the best of her nature you will not find me surveying her complexion or probing what shields her	acts to the best of her nature you will not find me surveying her complexion or probing what shields her	acts to the best of her nature you will not find me surveying her complexion or probing what shields her	acts to the best of her nature you will not find me surveying her complexion or probing what shields her	acts to the best of her nature you will not find me surveying her complexion or probing what shields her	acts to the best of her nature you will not find me surveying her complexion or probing what shields her	acts to the best of her nature you will not find me surveying her complexion or probing what shields her	acts to the best of her nature you will not find me surveying her complexion or probing what shields her	acts to the best of her nature you will not find me surveying her complexion or probing what shields her	acts to the best of her nature you will not find me surveying her complexion or probing what shields her	acts to the best of her nature you will not find me surveying her complexion or probing what shields her	acts to the best of her nature you will not find me surveying her complexion or probing what shields her	acts to the best of her nature you will not find me surveying her complexion or probing what shields her
heart	heart	heart	heart	heart	heart	heat	heart	heat	heart	heart	heart	heart	heart	heart	heart
: if she be well proofed within her	: if she be well proofed within her	: if she be well proofed within her	: if she be well proofed within her	: if she be well proofed within her	: if she be well proofed within her	: if she be well proofed within her	: if she be well proofed within her	: if she be well proofed within her	: if she be well proofed within her	: if she be well proofed within her	: if she be well proofed within her	: if she be well proofed within her	: if she be well proofed within her	: if she be well proofed within her	: if she be well proofed within her
breast	breast	breast	breast	breast	breast	breast	breasts	breast	breast	breast	breast	breast	breast	breast	breast
,										,					
her good name is safe from harm .	her good name is safe from harm .	her good name is safe from harm .	her good name is safe from harm .	her good name is safe from harm .	her good name is safe from harm .	her good name is safe from harm .	her good name is safe from harm .	her good name is safe from harm .	her good name is safe from harm .	her good name is safe from harm .	her good name is safe from harm .	her good name is safe from harm .	her good name is safe from harm .	her good name is safe from harm .	her good name is safe from harm .
Now	Now	Now	Nor	Now	Now	Now	Now	Now	Now	Now	Now	Now	Now	Now	Now
if I were to judge of men	if I were to judge of men	if I were to judge of men	if I were to judge of men	if I were to judge of men	if I were to judge of men	if I were to judge of men	if I were to judge of men	if I were to judge of men	if I were to judge of men	if I were to judge of men	if I were to judge of men	if I were to judge of men	if I were to judge of men	if I were to judge of men	if I were to judge of men
and	and	and	and	and	and	and	and	and	and	and	and	and	and	and	and
women as I know them a	women as I know them a	women as I know them a	women as I know them a	women as I know them a	women as I know them a	women as I know them a	women as I know them a	women as I know them a	women as I know them a	women as I know them a	women as I know them a	women as I know them a	women as I know them a	women as I know them a	women as I know them a
long	long	long	long	long	long	long	long	long	love	long	long	long	long	long	long
story it would be	story it would be	story it would be	story it would be	story it would be	story it would be	story it would be	story it would be	story it would be	story it would be	story it would be	story it would be	story it would be	story it would be	story it would be	story it would be
.	.	.	.	.	.			.	.	.	.	.	.	.	.
Hear	Hear	Hear	Hear	Hear	Hear	Hear	Hear	Hear	Hear	Hear	Hear	Hear	Hear	Hear	Hear
	,	,	,	,	,	,	,	,			,	,		,	,
then	then	then	then	then	then	then	then	then	then	then	then	then	then	then	then
	,		,	,		,	,	,	,		,		,		,
what manner of tale this is , telling	what manner of tale this is , telling	what manner of tale this is , telling	what manner of tale this is , telling	what manner of tale this is , telling	what manner of tale this is , telling	what manner of tale this is , telling	what manner of tale this is , telling	what manner of tale this is , telling	what manner of tale this is , telling	what manner of tale this is , telling	what manner of tale this is , telling	what manner of tale this is , telling	what manner of tale this is , telling	what manner of tale this is , telling	what manner of tale this is , telling
of	of	of	of	of	of	of	of	of		of	of	of	of	of	of
things both pleasant and sad	things both pleasant and sad	things both pleasant and sad	things both pleasant and sad	things both pleasant and sad	things both pleasant and sad	things both pleasant and sad	things both pleasant and sad	things both pleasant and sad	things both pleasant and sad	things both pleasant and sad	things both pleasant and sad	things both pleasant and sad	things both pleasant and sad	things both pleasant and sad	things both pleasant and sad
,	,	,			,	,	,	,	,	,	,	,	,	,	,
with joy and trouble for company .	with joy and trouble for company .	with joy and trouble for company .	with joy and trouble for company .	with joy and trouble for company .	with joy and trouble for company .	with joy and trouble for company .	with joy and trouble for company .	with joy and trouble for company .	with joy and trouble for company .	with joy and trouble for company .	with joy and trouble for company .	with joy and trouble for company .	with joy and trouble for company .	with joy and trouble for company .	with joy and trouble for company .
Grant	Grant	Grant	Grant	Grant	Grant	Grant	Great	Grant	Grant	Grant	Grant	Grant	Grant	Grant	Grant
there were three of me , each with skill to match mine	there were three of me , each with skill to match mine	there were three of me , each with skill to match mine	there were three of me , each with skill to match mine	there were three of me , each with skill to match mine	there were three of me , each with skill to match mine	there were three of me , each with skill to match mine	there were three of me , each with skill to match mine	there were three of me , each with skill to match mine	there were three of me , each with skill to match mine	there were three of me , each with skill to match mine	there were three of me , each with skill to match mine	there were three of me , each with skill to match mine	there were three of me , each with skill to match mine	there were three of me , each with skill to match mine	there were three of me , each with skill to match mine
:	:	:	:	:	:	:	:	:	,	:	:	:	:	:	:
there	there	there	there	there	there	there	there	there	there	there	there	there	there	there	there
would still be need	would still be need	would still be need	would still be need	would still be need	would still be need	would still be need	would still be need	would still be need	would still be need	would still be need	would still be need	would still be need	would still be need	would still be need	would still be need
of	for	of	of	of	of	of	of	of	of	of	for	of	of	of	of
unbridled	unbridled	unbridled	unbridled	unbridled	unbridled	unbridled	unbridled	unbridled	unbridled	unbridled	unbridled	unbridled	unbridled	unbridled	unbridled
inspiration to tell you	inspiration to tell you	inspiration to tell you	inspiration to tell you	inspiration to tell you	inspiration to tell you	inspiration to tell you	inspiration to tell you	inspiration to tell you	inspiration to tell you	inspiration to tell you	inspiration to tell you	inspiration to tell you	inspiration to tell you	inspiration to tell you	inspiration to tell you
what	what	what	what	what		what	what	what	what	what	what	what	what	what	what
,	,		,	,	,	,	,		,	,	,	,	,	,	,
single-handed	simple handed	simple handed	single-handed	single-handed	single-handed	single-handled	single-handed	single-handed	single-handed	single-handed	simple handed	single-handed	single-handed	single-handed	single-handed
,	,	,	,	,	,	,	,		,	,	,	,	,	,	,
					what										
I have	I have	I have	I have	I have	I have	I have	I have	I have	I have	I have	I have	I have	I have	I have	I have
in	a	a	a	a	a	a	a	a	a	a	a	a	a	a	a
mind to tell	mind to tell	mind to tell	mind to tell	mind to tell	mind to tell	mind to tell	mind to tell	mind to tell	mind to tell	mind to tell	mind to tell	mind to tell	mind to tell	mind to tell	mind to tell
									you				you		
!	.	!	!	!	!	.	!	!	.	!	!	!	.	!	!
I will renew a	I will renew a	I will renew a	I will renew a	I will renew a	I will renew a	I will renew a	I will renew a	I will renew a	I will renew a	I will renew a	I will renew a	I will renew a	I will renew a	I will renew a	I will renew a
tale	tale	tale	tale	tale	tale	tale	tale	tale	lake	tale	tale	tale	tale	tale	tale
that tells of great fidelity	that tells of great fidelity	that tells of great fidelity	that tells of great fidelity	that tells of great fidelity	that tells of great fidelity	that tells of great fidelity	that tells of great fidelity	that tells of great fidelity	that tells of great fidelity	that tells of great fidelity	that tells of great fidelity	that tells of great fidelity	that tells of great fidelity	that tells of great fidelity	that tells of great fidelity
,			,	,		,		,	,	,		,	,		,
of	of	of	of	of	of	of	of	of	of	of	of	of	of	of	of
unborn	unborn	unborn	inborn	inborn	unborn	inborn	unborn	inborn	unborn	inborn	unborn	unborn	inborn	unborn	inborn
womanhood and	womanhood and	womanhood and	womanhood and	womanhood and	womanhood and	womanhood and	womanhood and	womanhood and	womanhood and	womanhood and	womanhood and	womanhood and	womanhood and	womanhood and	womanhood and
manly	manly	manly	manly	manly	manly	manly	manly	manly	narky	manly	manly	manly	manly	manly	manly
virtue so straight as never was bent in any test of	virtue so straight as never was bent in any test of	virtue so straight as never was bent in any test of	virtue so straight as never was bent in any test of	virtue so straight as never was bent in any test of	virtue so straight as never was bent in any test of	virtue so straight as never was bent in any test of	virtue so straight as never was bent in any test of	virtue so straight as never was bent in any test of	virtue so straight as never was bent in any test of	virtue so straight as never was bent in any test of	virtue so straight as never was bent in any test of	virtue so straight as never was bent in any test of	virtue so straight as never was bent in any test of	virtue so straight as never was bent in any test of	virtue so straight as never was bent in any test of
hardness	hardiness	hardness	hardness	hardness	hardness	hardness	hardness	hardness	hardness	hardness	hardiness	hardness	hardness	hardness	hardness
.	.	.		.	.		.		.	.	.	.	.	.	.
Steel	Steel	Steel	Steel	Steel	Steel	Steel	Steel	Steel	Steel	Steel	Steel	Steel	Steel	Steel	Steel
that he	that he	that he	that he	that he	that he	that he	that he	that he	that he	that he	that he	that he	that he	that he	that he
was	was	was	was	was	may	was	was	was	was	was	was	way	was	way	was
,	,	,	,	,	,	,	,	,	,	,	,		,		,
his courage never failed him	his courage never failed him	his courage never failed him	his courage never failed him	his courage never failed him	his courage never failed him	his courage never failed him	his courage never failed him	his courage never failed him	his courage never failed him	his courage never failed him	his courage never failed him	his courage never failed him	his courage never failed him	his courage never failed him	his courage never failed him
,	,	,	,	,	,	,	,	,		,	,	,		,	,
his	his	his	his	his	his	his	his	his	his	his	his	his	his	his	his
conquering	conquering	conquering	conquering	conquering	conquering	conquering	conquering	conquering	conquering	conquering	conquering	conquering	conquering	conquering	conquering
hand	hand	hand	hand	hand	hand	hand	hand	hand	hand	hand	hand	hand	hand	hand	hand
seized	seized	seized	seized	seized	seized	seized	seized	seized	seized	seized	seized	seized	seized	seized	seized
many a glorious prize when he came to battle	many a glorious prize when he came to battle	many a glorious prize when he came to battle	many a glorious prize when he came to battle	many a glorious prize when he came to battle	many a glorious prize when he came to battle	many a glorious prize when he came to battle	many a glorious prize when he came to battle	many a glorious prize when he came to battle	many a glorious prize when he came to battle	many a glorious prize when he came to battle	many a glorious prize when he came to battle	many a glorious prize when he came to battle	many a glorious prize when he came to battle	many a glorious prize when he came to battle	many a glorious prize when he came to battle
.	.	.	.	.	.	.	.	.	.	.	.	.	.	.	
Dauntless	Dauntless	Dauntless	Dauntless	Dauntless	Dauntless	Dauntless	Dauntless	Dauntless	Dauntless	Dauntless	Dauntless	Dauntless	Dauntless	Dauntless	Dauntless
man	man	man	man	man	man	man	man	man	man	man	man	man	man	man	man
,	,	,	,	,	,	,		,		,	,	,	,	,	,
though	though	though	though	though	though	though	though	though	though	though	though	though	though	though	though
							,								
laggard	lagged	haggard	laggard	laggard	laggard	laggard	laggard	laggard	taggered	laggard	lagged	laggard	laggard	laggard	laggard
in discretion !	in discretion !	in discretion !	in discretion !	in discretion !	in discretion !	in discretion !	in discretion !	in discretion !	in discretion !	in discretion !	in discretion !	in discretion !	in discretion !	in discretion !	in discretion !
-						-	-	-		-		-		-	-
Thus	Thus	Thus	Thus	Thus	Thus	Thus	Thus	Thus	Thus	Thus	Thus	Thus	Thus	Thus	Thus
		,			,							,		,	
I salute the	I salute the	I salute the	I salute the	I salute the	I salute the	I salute the	I salute the	I salute the	I salute the	I salute the	I salute the	I salute the	I salute the	I salute the	I salute the
hero	hero	hour	hero	hero	hero	hero	here	hero	hero	hero	hero	hero	hero	hero	hero
			.	.	.		.	.				.		.	
-	-	-				-	-	-	-	-	-	-	-	-	-
sweet	sweet	sweet	sweet	sweet	sweet	sweet	sweet	sweet	sweet	sweet	sweet	sweet	sweet	sweet	sweet
balm to	balm to	balm to	balm to	balm to	balm to	balm to	balm to	balm to	balm to	balm to	balm to	balm to	balm to	balm to	balm to
women's	woman's	woman's	woman's	woman's	woman's	women's	woman's	woman's	women's	women's	woman's	woman's	women's	woman's	women's
eyes , yet	eyes , yet	eyes , yet	eyes , yet	eyes , yet	eyes , yet	eyes , yet	eyes , yet	eyes , yet	eyes , yet	eyes , yet	eyes , yet	eyes , yet	eyes , yet	eyes , yet	eyes , yet
women's	woman's		woman's	woman's	woman's	woman's	woman	woman's	women's	women's	woman's	woman's	women's	woman's	women's
hearts	hearts'		heart's	heart's	heart's	heart's	heart's	heart's	heart's	hearts	heart's	heart's	heart's	heart's	heart's
disease	disease		disease	disease	disease	disease	disease	disease	desire	disease	disease	disease	disease	disease	disease
!	I		!	!	I	!	!	!	!	!	I	,	!	I	!
Shunner	shimmer		Shunner	Shunner	shun	Shunner	Shunner	Shunner	Shunner	Shunner	Shunner	Shunner	Shunner	Shunner	Shunner
of all	of all		of all	of all	of all	of all	of all	of all	of all	of all	of all	of all	of all	of all	of all
wrongdoing	wrongdoing		wrongdoing	wrongdoing	wrongdoing	wrongdoing	wrongdoing	wrongdoing	wrongdoing	wrongdoing	wrongdoing	wrongdoing	wrongdoing	wrongdoing	wrongdoing
!	!		!	!	!	!	!	!	!	!	!	!	!	!	!
As	As		As	As	As	As	As	As	As	As	As	As	As	As	As
yet	yet		yet	yet	yet	yet	yet	yet	yet	yet	yet	yet	yet	yet	yet
he is unborn to this story whom I have chosen for the	he is unborn to this story whom I have chosen for the	he is unborn to this story whom I have chosen for the	he is unborn to this story whom I have chosen for the	he is unborn to this story whom I have chosen for the	he is unborn to this story whom I have chosen for the	he is unborn to this story whom I have chosen for the	he is unborn to this story whom I have chosen for the	he is unborn to this story whom I have chosen for the	he is unborn to this story whom I have chosen for the	he is unborn to this story whom I have chosen for the	he is unborn to this story whom I have chosen for the	he is unborn to this story whom I have chosen for the	he is unborn to this story whom I have chosen for the	he is unborn to this story whom I have chosen for the	he is unborn to this story whom I have chosen for the
	unborn to this story whom I have chosen for the	unborn to this story whom I have chosen for the												unborn to this story whom I have chosen for the	
part	part	past	part	part	part	part	part	part	part	part	part	part	part	part	part
,	,	,	,	,	,	,	.			,	,	,	,	,	,
the	the	the	the	the	the	the	the	the	the	the	the	the	the	the	the
man	man	man	man	man	man	man	man	man		man	man	man	man	man	man
of whom this tale is told and all the	of whom this tale is told and all the	of whom this tale is told and all the	of whom this tale is told and all the	of whom this tale is told and all the	of whom this tale is told and all the	of whom this tale is told and all the	of whom this tale is told and all the	of whom this tale is told and all the	of whom this tale is told and all the	of whom this tale is told and all the	of whom this tale is told and all the	of whom this tale is told and all the	of whom this tale is told and all the	of whom this tale is told and all the	of whom this tale is told and all the
marvels	marvels	marvels	marvels	marvels	marvels	marvels	marvels	marvels		marvels	marvels	marvels	marvels	marvels	marvels
in it	in it	in it	in it	in it	in it	in it	in it	in it	in it	in it	in it	in it	in it	in it	in it
.	.	.	.	.	!	.	.	.	.	.	.	!	.	.	.
There is a custom still observed today	There is a custom still observed today	There is a custom still observed today	There is a custom still observed today	There is a custom still observed today	There is a custom still observed today	There is a custom still observed today	There is a custom still observed today	There is a custom still observed today	There is a custom still observed today	There is a custom still observed today	There is a custom still observed today	There is a custom still observed today	There is a custom still observed today	There is a custom still observed today	There is a custom still observed today
									,				,		
whenever	whenever	whenever	wherever	wherever	whenever	wherever	whenever	wherever	where	wherever	whenever	wherever	where	whenever	wherever
our	our	our	our	our	our	our	our	our	our	our	our	our	our	our	our
western	western	western	western	western	western	western	western	western	western	western	western	western	western	western	western
neighbour's	neighbour's	neighbours'	neighbour's	neighbour's	neighbours'	neighbour's	neighbours	neighbour's	neighbour's	neighbour's	neighbour's	neighbours'	neighbours'	neighbours'	neighbours'
law's	law	laws	laws	laws	laws	law	laws	laws	laws	law's	laws	laws	laws	laws	laws
prevail	prevail	prevail	prevail	prevail	prevail	prevails	prevail	prevail	prevail	prevail	prevail	prevail	prevail	prevail	prevail
. It holds even	. It holds even	. It holds even	. It holds even	. It holds even	. It holds even	. It holds even	. It holds even	. It holds even	. It holds even	. It holds even	. It holds even	. It holds even	. It holds even	. It holds even	. It holds even
on	on	as	on	on	on	on	on	on	on	on	on	on	on	on	on
German soil in one	German soil in one	German soil in one	German soil in one	German soil in one	German soil in one	German soil in one	German soil in one	German soil in one	German soil in one	German soil in one	German soil in one	German soil in one	German soil in one	German soil in one	German soil in one
old	odd	odd	odd	odd	odd	odd	odd	odd	old	old	odd	odd	old	odd	odd
corner - you	corner - you	corner - you	corner - you	corner - you	corner - you	corner - you	corner - you	corner - you	corner - you	corner - you	corner - you	corner - you	corner - you	corner - you	corner - you
don't	don't	don't	don't	don't	don't	don't	don't	don't	don't	don't	don't	don't	don't	don't	don't
need me to tell you that ! Whoever it was that held	need me to tell you that ! Whoever it was that held	need me to tell you that ! Whoever it was that held	need me to tell you that ! Whoever it was that held	need me to tell you that ! Whoever it was that held	need me to tell you that ! Whoever it was that held	need me to tell you that ! Whoever it was that held	need me to tell you that ! Whoever it was that held	need me to tell you that ! Whoever it was that held	need me to tell you that ! Whoever it was that held	need me to tell you that ! Whoever it was that held	need me to tell you that ! Whoever it was that held	need me to tell you that ! Whoever it was that held	need me to tell you that ! Whoever it was that held	need me to tell you that ! Whoever it was that held	need me to tell you that ! Whoever it was that held
those	those	those	these	those	those	those	those	those	those	those	those	these	those	those	these
territories	territories	territories	territories	territories	territories	territories	territories	territories	territories	territories	territories	territories	territories	territories	territories
yonder	yonder	yonder	yonder	yonder	yonder	yonder	yonder	yonder	gender	yonder	yonder	yonder	yonder	yonder	yonder
ruled	ruled	ruled	ruled	ruled	ruled	ruled	ruled	ruled	ruled	ruled	ruled	ruled	ruled	ruled	ruled
							.								
- nor was it shame to him	- nor was it shame to him	- nor was it shame to him	- nor was it shame to him	- nor was it shame to him	- nor was it shame to him	- nor was it shame to him	- nor was it shame to him	- nor was it shame to him	- nor was it shame to him	- nor was it shame to him	- nor was it shame to him	- nor was it shame to him	- nor was it shame to him	- nor was it shame to him	- nor was it shame to him
							.								
- that the	- that the	- that the	- that the	- that the	- that the	- that the	- that the	- that the	- that the	- that the	- that the	- that the	- that the	- that the	- that the
eldest	eldest	eldest	eldest	eldest	eldest	oldest	eldest	eldest	eldest	eldest	eldest	eldest	eldest	eldest	eldest
brother ( strange though	brother ( strange though	brother ( strange though	brother ( strange though	brother ( strange though	brother ( strange though	brother ( strange though	brother ( strange though	brother ( strange though	brother ( strange though	brother ( strange though	brother ( strange though	brother ( strange though	brother ( strange though	brother ( strange though	brother ( strange though
											he				
true	true	true	true	true	true	true	true	true	true	true	be	true	true	true	true
) should have his	) should have his	) should have his	) should have his	) should have his	) should have his	) should have his	) should have his	) should have his	) should have his	) should have his	) should have his	) should have his	) should have his	) should have his	) should have his
father's	father's	father's	father's	father's	father's	father's	father's	father's	father's	father's	father's	father's	father's	father's	father's
whole	whole	whole	whole	whole	whole	whole	whole	whole	whole	whole	whole	whole	whole	whole	whole
inheritance	inheritance	inheritance	inheritance	inheritance	inheritance	inheritance	inheritance	inheritance	inheritance	inheritance	inheritance	inheritance	inheritance	inheritance	inheritance
. That death should	. That death should	. That death should	. That death should	. That death should	. That death should	. That death should	. That death should	. That death should	. That death should	. That death should	. That death should	. That death should	. That death should	. That death should	. That death should
sever	sever	sever	sever	sever	sever	sever	sever	sever	serve	sever	sever	sever	sever	sever	sever
the rights of which their	the rights of which their	the rights of which their	the rights of which their	the rights of which their	the rights of which their	the rights of which their	the rights of which their	the rights of which their	the rights of which their	the rights of which their	the rights of which their	the rights of which their	the rights of which their	the rights of which their	the rights of which their
father's	father's	father's	father's	father's	father's	father's	father's	father's	father's	father's	father's	father's	father's	father's	father's
life	life	life	life	life	life	life	life	life	life	life	life	life	life	life	life
assured	assured	assured	assured	assured	assured	assured	assured	assured	answered	assured	assured	assured	assured	assured	assured
them was	them was	them was	them was	them was	them was	them was	them was	them was	them was	them was	them was	them was	them was	them was	them was
the		the	the	the	the	the	the	the	the	the	the	the	the	the	the
cadets	cadets'	cadets'	cadet's	cadet's	cadet's	cadet's	cadets	cadet's	cadet's	cadets'	cadet's	cadet's	cadets'	cadet's	cadets'
misfortune . Before	misfortune . Before	misfortune . Before	misfortune . Before	misfortune . Before	misfortune . Before	misfortune . Before	misfortune . Before	misfortune . Before	misfortune . Before	misfortune . Before	misfortune . Before	misfortune . Before	misfortune . Before	misfortune . Before	misfortune . Before
,	,	,	,	,	,				,	,	,	,	,	,	,
they	they	they	they	they	they	they	the	they	they	they	they	they	they	they	they
held in common .	held in common .	held in common .	held in common .	held in common .	held in common .	held in common .	held in common .	held in common .	held in common .	held in common .	held in common .	held in common .	held in common .	held in common .	held in common .
Now	Now	Now	Now	Now	Now	Now	No	Now	Now	Now	Now	Now	Now	Now	Now
	,	,	,	,	,	,		,	,		,	,	,	,	,
the eldest holds alone	the eldest holds alone	the eldest holds alone	the eldest holds alone	the eldest holds alone	the eldest holds alone	the eldest holds alone	the eldest holds alone	the eldest holds alone	the eldest holds alone	the eldest holds alone	the eldest holds alone	the eldest holds alone	the eldest holds alone	the eldest holds alone	the eldest holds alone
.	,	,	.	.	,	.	.	.	.	.	,	,	.	,	.
Was	Was	Was	Was	Was	Was	Was	Was	Was	Was	Was	Was	Was	Was	Was	Was
that not a wise man	that not a wise man	that not a wise man	that not a wise man	that not a wise man	that not a wise man	that not a wise man	that not a wise man	that not a wise man	that not a wise man	that not a wise man	that not a wise man	that not a wise man	that not a wise man	that not a wise man	that not a wise man
					,										
who laid	who laid	who laid	who laid	who laid	who laid	who laid	who laid	who laid	who laid	who laid	who laid	who laid	who laid	who laid	who laid
it	it	it	it	it	it	it	it	it		it	it	it		it	it
down	down	down	down	down	down	down	down	down	down	down	down	down	down	down	down
							.								
that age should have	that age should have	that age should have	that age should have	that age should have	that age should have	that age should have	that age should have	that age should have	that age should have	that age should have	that age should have	that age should have	that age should have	that age should have	that age should have
possessions	possessions	possessions	possessions	possessions	possessions	possessions	possessions	possessions	permissions	possession	possessions	possessions	possessions	possessions	possessions
?	?	?	?	?	?	?	?	?	?	?	?	?	?	?	?
-	-	-	-	-	"	-	-	-	-	-	-	-	-	-	-
Youth	Youth	Youth	Youth	Youth	Youth	Youth	Youth	Youth	Youth	Youth	Youth	Youth	Youth	Youth	Youth
has	has	has	has	has	has	has	has	has	has	has	has	has	has	has	has
its	its	its	its	its	its	its	it	its	its	its	its	its	its	its	its
fill	fill	fill	fill	fill	fill	fill	fills	fill	fill	fill	fill	fill	fill	fill	fill
of good things ,	of good things ,	of good things ,	of good things ,	of good things ,	of good things ,	of good things ,	of good things ,	of good things ,	of good things ,	of good things ,	of good things ,	of good things ,	of good things ,	of good things ,	of good things ,
old	old	old	old	eld	old	eld	eld	eld	old	old	old	old	old	old	eld
of	of	of	of	of	of	of	of	of	of	of	of	of	of	of	of
sights	sighs	sighs	sighs	sighs	sighs	sighs	sighs	sighs	sighs	sighs	sighs	sighs	sighs	sighs	sighs
and sorrows	and sorrows	and sorrows	and sorrows	and sorrows	and sorrows	and sorrows	and sorrows	and sorrows	and sorrows	and sorrows	and sorrows	and sorrows	and sorrows	and sorrows	and sorrows
'!	'!	'!	!	!	"	!	!	'!	!	'!	'!	'!	!	'!	'!
-	-		-	-	-	-	-	-	-	-		-	-	-	-
					"										
There never was a fate so pitiful as age	There never was a fate so pitiful as age	There never was a fate so pitiful as age	There never was a fate so pitiful as age	There never was a fate so pitiful as age	There never was a fate so pitiful as age	There never was a fate so pitiful as age	There never was a fate so pitiful as age	There never was a fate so pitiful as age	There never was a fate so pitiful as age	There never was a fate so pitiful as age		There never was a fate so pitiful as age	There never was a fate so pitiful as age	There never was a fate so pitiful as age	There never was a fate so pitiful as age
and	cum	cum	over	cum	and	cum	cum	cum	cum	and		aim	cum	cum	cum
poverty	poverty	poverty	poverty	poverty	poverty	poverty	poverty	poverty	poverty	poverty		poverty	poverty	poverty	poverty
!'	!'	.'	!'	!'	!"	!	!'	!'	!	!		!'	!'	!'	!'
I will not	I will not	I will not	I will not	I will not	I will not	I will not	I will not	I will not	I will not	I will not	I will not	I will not	I will not	I will not	I will not
palter	palter	falter	palter	palter	falter	palter	palter	palter	palter	palter	patter	falter	palter	palter	palter
with the	with the	with the	with the	with the	with the	with the	with the	with the	with the	with the	with the	with the	with the	with the	with the
truth	truth	truth	truth	truth	truth	truth	truth	truthes	truth	truth	truth	truth	truth	truth	truth
	:	:			:				:		:	:	:	:	:
that	that	that	that	that	that	that	that	that	that	that	that	that	that	that	that
kings	kings	kings	kings	kings	kings	kings	kings	kings	kings	kings	kings	kings	kings	kings	kings
, counts	, counts	, counts	, counts	, counts	, counts	, counts	, counts	, counts	, counts	, counts	, counts	, counts	, counts	, counts	, counts
	,	,	,	,	,	,		,	,		,	,	,	,	,
dukes should suffer	dukes should suffer	dukes should suffer	dukes should suffer	dukes should suffer	dukes should suffer	dukes should suffer	dukes should suffer	dukes should suffer	dukes should suffer	dukes should suffer	dukes should suffer	dukes should suffer	dukes should suffer	dukes should suffer	dukes should suffer
dispossession	dispossession	dispossession	dispossession	dispossession	dispossession	dispossession	dispossession	dispossession	dispossession	dispossession	dispossession	dispossession	dispossession	dispossession	dispossession
of their	of their	of their	of their	of their	of their	of their	of their	of their	of their	of their	of their	of their	of their	of their	of their
acres	acres	acres	acres	acres	acres	acres	acres	acres	aeras	acres	acres	acres	acres	acres	acres
, all but the oldest son - what an	, all but the oldest son - what an	, all but the oldest son - what an	, all but the oldest son - what an	, all but the oldest son - what an	, all but the oldest son - what an	, all but the oldest son - what an	, all but the oldest son - what an	, all but the oldest son - what an	, all but the oldest son - what an	, all but the oldest son - what an	, all but the oldest son - what an	, all but the oldest son - what an	, all but the oldest son - what an	, all but the oldest son - what an	, all but the oldest son - what an
outlandish	outlandish	outlandish	outlandish	outlandish	outlandish	outlandish	outlandish	outlandish	outlandish	outlandish	outlandish	outlandish	outlandish	outlandish	outlandish
ordinance	ordinance	ordinance	ordinance	ordinance	ordinance	ordinance	audiance	ordinance	ordinance	ordinance	ordinance	ordinance	ordinance	ordinance	ordinance
!	!	!	!	!	!	.	!	!	!	!	!	!	!	!	!